id,type
LGALS3,protein
A2M,protein
ELANE,protein
IL6,cytokine
PDGFB,protein
PITX3,protein
ISG15,protein
AEN,protein
BHLHE40,protein
NOD2,protein
VPS52,protein
MDFI,protein
AARS,protein
MDM2,protein
AATF,protein
APOA1,protein
EGR1,protein
ERBB2IP,protein
ABCB1,protein
CARM1,protein
CYTH3,protein
NCOA1,protein
NCOR1,protein
NCOR2,protein
NR0B2,protein
NR1H4,protein
PPARGC1A,protein
MYC,protein
TOLLIP,protein
NOTCH1,protein
TMEM173,protein
UNC93B1,protein
ABCC12,protein
IRF3,protein
ABCC2,protein
ABCC6,protein
RNF2,protein
APP,protein
EED,protein
ABCG2,protein
ABHD14A,protein
ABHD2,protein
AES,protein
ACTN3,protein
BTK,protein
ABL1,protein
GRAP,protein
GRB2,protein
MAVS,protein
MTOR,protein
PLCG1,protein
TP53,protein
BCL6,protein
LDOC1,protein
SUZ12,protein
ABLIM2,protein
GRAMD3,protein
TMEM79,protein
ABR,protein
IKBKAP,protein
ACACA,protein
TBKBP1,protein
ADRB2,protein
ACAN,protein
AKT1,protein
ACAP1,protein
NOD1,protein
SLC2A4,protein
LNX1,protein
HIF1A,protein
AGT,protein
LYL1,protein
ACHE,protein
SMAD4,protein
COMMD3-BMI1,protein
CCL2,cytokine
ACKR1,protein
CXCL1,cytokine
CXCL8,cytokine
PF4,protein
ACKR2,protein
CCL14,cytokine
CCL3,cytokine
CCL4,cytokine
CCL5,cytokine
NFKB1,protein
YY1,protein
CCL13,cytokine
ACKR4,protein
CCL25,cytokine
CCL7,cytokine
CCL8,cytokine
ACO1,protein
CDK2,protein
ACSL3,protein
ACSL4,protein
FSCN1,protein
ACTA2,protein
ACTG1,protein
ATF3,protein
CAP2,protein
CFL1,protein
CFL2,protein
CLEC9A,protein
DSTN,protein
EHHADH,protein
ACTB,protein
SMARCA4,protein
WDYHV1,protein
CCDC22,protein
EZH2,protein
IL7R,receptor
LGALS13,protein
TSGA10,protein
ACTL6A,protein
ING3,protein
KAT5,protein
MORF4L1,protein
LMNA,protein
EPM2AIP1,protein
ACTN1,protein
KCTD6,protein
MICALL2,protein
MYOZ2,protein
OAS1,protein
SPERT,protein
BRMS1L,protein
FAM154A,protein
MOS,protein
NOS3,protein
PDLIM3,protein
SNAI1,protein
SP100,protein
REL,protein
TRAF1,protein
TRAF2,protein
BMP7,protein
WAS,protein
ACTR3B,protein
SQSTM1,protein
ACVR1B,protein
ACVR2B,protein
SMAD7,protein
SMURF1,protein
ZFYVE16,protein
BMP2,protein
ACVRL1,protein
TGFBR2,protein
ASPA,protein
ACYP2,protein
ADA,protein
MIR155,protein
MAPK1,protein
NCK1,protein
PTK6,protein
SH3PXD2A,protein
SRC,protein
ADAM17,protein
MAPK3,protein
ADAM23,protein
ADAM8,protein
SELPLG,protein
ADAMTS10,protein
VWF,protein
SERPINA1,protein
SERPINA3,protein
ADAMTS6,protein
ADAMTS9,protein
MMP10,protein
ADAP1,protein
PRKD1,protein
IKBKG,protein
STAT1,protein
STAT2,protein
ADAT1,protein
IRAK1,protein
IRAK2,protein
ADD1,protein
YWHAE,protein
ADH5,protein
ADH6,protein
C1QA,protein
SRPK1,protein
ADPRH,protein
ADRA1D,protein
ADRA2A,protein
SNTA1,protein
EIF2B1,protein
ADRA2C,protein
ADRB1,protein
GPRASP1,protein
CFTR,protein
OPRD1,protein
SEC22B,protein
SLC9A3R1,protein
SNX1,protein
ADRB3,protein
ADSS,protein
AFAP1,protein
AFF1,protein
AP2B1,protein
AFG3L1P,protein
AFP,protein
HMGB1,protein
AGER,protein
CIRBP,protein
S100A4,protein
AGO1,protein
MEX3B,protein
MEX3C,protein
AGO2,protein
DHX58,protein
RBM4,protein
TBK1,protein
PHF11,protein
REN,protein
STAT3,protein
ARRB2,protein
AGTR1,protein
RAF1,protein
ARAF,protein
AGXT2,protein
AHCY,protein
BID,protein
AHR,protein
LY96,protein
AHSG,protein
AICDA,protein
MIR93,protein
AIDA,protein
AIG1,protein
IRF1,protein
POPDC3,protein
PRDM1,protein
PYCARD,protein
AIMP1,protein
BYSL,protein
AIMP2,protein
IRF7,protein
CTNNB1,protein
AJUBA,protein
AKAP13,protein
CREB1,protein
AKAP5,protein
AKAP8,protein
AKAP9,protein
CD40,receptor
AKNA,protein
NFAT5,protein
CARHSP1,protein
CDKN1B,protein
CSDC2,protein
CTNND2,protein
GRB10,protein
HSP90AA1,protein
HTT,protein
ITGB1,protein
NCF1,protein
PHLPP1,protein
RICTOR,protein
SMARCB1,protein
TERT,protein
TSC2,protein
AKT1S1,protein
YWHAZ,protein
APPL1,protein
CASP3,protein
AKT2,protein
CLIP3,protein
KHSRP,protein
MYO5A,protein
PHLPP2,protein
SH3RF1,protein
TCL1A,protein
ZFP36L1,protein
PLEKHO1,protein
PPP2CA,protein
PRKCZ,protein
ALAS1,protein
ALAS2,protein
ALB,protein
EGFR,protein
ALCAM,protein
ALDH3B1,protein
ALDOA,protein
ALK,protein
ALKBH1,protein
MBD1,protein
ALOX12,protein
ALOX15,protein
ALOX5AP,protein
APEX1,protein
ALOX5,protein
COTL1,protein
HSD17B4,protein
IKZF3,protein
NLRP10,protein
ZNF433,protein
CEBPE,protein
ALPI,protein
MAP3K14,protein
TRAF3,protein
IL1B,protein
ALPP,protein
ALS2,protein
ALS2CR11,protein
ALX1,protein
ALYREF,protein
AMBP,protein
AMBRA1,protein
CUL4A,protein
NEDD8,protein
PIK3C3,protein
AMIGO2,protein
USP11,protein
AMPD2,protein
AMPH,protein
RELB,protein
ANGPT2,protein
CEBPD,protein
ANK2,protein
EIF4E,protein
ANKRD28,protein
TRIM23,protein
ANKRD7,protein
ANO6,protein
ANP32A,protein
ANP32D,protein
ANXA1,protein
RELA,protein
RIPK1,protein
ANXA11,protein
ANXA2,protein
NDUFAF1,protein
ANXA4,protein
ANXA5,protein
IFNGR2,cytokine
ANXA6,protein
AP1B1,protein
AP2M1,protein
IFNAR1,cytokine
AP3B1,protein
IRF2,protein
APAF1,protein
APBA2,protein
AZI2,protein
TANK,protein
LCP2,protein
APC,protein
CTBP1,protein
LEF1,protein
FCAR,protein
MBL2,protein
APEH,protein
CXCR1,receptor
APOA2,protein
APOB,protein
APOBEC3F,protein
NFATC1,protein
MOV10,protein
APOD,protein
LGALS9,protein
APOL2,protein
APOL4,protein
HIST1H2BM,protein
HIST2H2AA4,protein
LHX4-AS1,protein
MLLT6,protein
NEFL,protein
RASL10B,protein
RBM8A,protein
ZNF2,protein
CUL3,protein
FSHR,protein
AQP1,protein
AQP3,protein
AQP5,protein
AQP9,protein
EP300,protein
AR,protein
FOLH1,protein
GATA3,protein
GATA4,protein
KLK3,protein
NPAS2,protein
PAX5,protein
PIAS2,protein
PIK3R1,protein
TCF3,protein
TGFB1,protein
UBE2I,protein
HRAS,protein
TIRAP,protein
AREG,protein
ARHGAP21,protein
PLA2G6,protein
ARF4,protein
ARF6,protein
ERAP1,protein
NUCB2,protein
TNFRSF1A,receptor
FLOT1,protein
ARG2,protein
SRPK2,protein
ARHGAP19,protein
CACNA1A,protein
ARHGAP24,protein
GABARAP,protein
GABARAPL1,protein
CASP1,protein
ARHGDIA,protein
CDC42,protein
GZMB,protein
RAC1,protein
RAC2,protein
RHOA,protein
RHOB,protein
RHOG,protein
RHOH,protein
CARD9,protein
ARHGDIG,protein
ARHGEF1,protein
ARHGEF10,protein
ARHGEF2,protein
PAK2,protein
ARHGEF7,protein
CDH1,protein
ARID1A,protein
ARL2,protein
ARL4A,protein
ARL4D,protein
ARL5A,protein
ARL5B,protein
ARNT,protein
HIF3A,protein
ARNTL,protein
CXCR2,receptor
ARPC5,protein
ARR3,protein
ARRB1,protein
CLTC,protein
IKBKB,protein
MAP2K3,protein
NFKBIA,protein
STAM,protein
TRAF6,protein
MAP2K4,protein
TIGIT,protein
ARSA,protein
ART1,protein
ART4,protein
ARVCF,protein
ASAH2,protein
ASAP2,protein
KMT2A,protein
CUL5,protein
ASB2,protein
ASB6,protein
KDM4A,protein
NME1-NME2,protein
POLR3G,protein
ASL,protein
ASNA1,protein
ASNS,protein
ATF4,protein
ASPHD2,protein
ATAD2,protein
ATAD3A,protein
SMAD2,protein
ATAD3B,protein
CIITA,protein
ATF1,protein
FOS,protein
ATF2,protein
CREBBP,protein
IFNB1,cytokine
IFNG,cytokine
IRF2BP1,protein
JDP2,protein
MAPK10,protein
MAPK11,protein
MAPK8,protein
MAPK9,protein
NCOA6,protein
PLA2G4C,protein
RPS6KA5,protein
SMAD3,protein
ELAVL1,protein
HNRNPD,protein
MMP1,protein
ATF6,protein
ATF7,protein
ATG10,protein
ATG101,protein
ATG16L1,protein
ATG3,protein
ATG12,protein
ATG7,protein
TECPR1,protein
WDFY3,protein
ATG13,protein
RB1CC1,protein
ULK2,protein
ATG14,protein
TUFM,protein
ATG16L2,protein
GABARAPL2,protein
MAP1LC3A,protein
MAP1LC3B,protein
ATG4D,protein
BCL2L1,protein
CAPN1,protein
ATG5,protein
COX5B,protein
DDIT3,protein
DDX58,protein
FADD,protein
IFIH1,protein
PPHLN1,protein
BRCA1,protein
ATM,protein
CHEK2,protein
E4F1,protein
EIF4EBP1,protein
ESPL1,protein
LIG4,protein
MRE11A,protein
NBN,protein
RAD17,protein
RASSF1,protein
RBBP8,protein
RHEB,protein
TELO2,protein
WRN,protein
ATOX1,protein
TPT1,protein
RS1,protein
ATP1B1,protein
ATP1B2,protein
ATP2B2,protein
ATP4B,protein
ATP5A1,protein
ATPAF2,protein
ATP5B,protein
ATP5G1,protein
ATP6V0C,protein
ATP6V1B2,protein
SET,protein
NEK1,protein
MYD88,protein
CEP72,protein
ATXN7,protein
ZNF239,protein
AXIN1,protein
AXL,protein
PIK3R2,protein
TENC1,protein
CALCOCO2,protein
TICAM1,protein
TRIM38,protein
AZU1,protein
B2M,protein
B4GALT1,protein
ZFP36,protein
BAALC,protein
BAAT,protein
BABAM1,protein
NFATC4,protein
BCL2,protein
BAD,protein
HSPA4,protein
BAG1,protein
KCNH2,protein
SP1,protein
BAG6,protein
STARD13,protein
BAK1,protein
VDAC2,protein
BANK1,protein
FOXK1,protein
BAP1,protein
BARD1,protein
BRCC3,protein
UBB,protein
BATF,protein
TBX21,protein
BATF2,protein
BCL2A1,protein
BAX,protein
EPAS1,protein
PPP1CA,protein
RUNX1,protein
BAZ2A,protein
BBC3,protein
BBS2,protein
BBS4,protein
ITGAM,protein
BCAR1,protein
CRK,protein
BCKDK,protein
BCL3,protein
CARD10,protein
CARD11,protein
BCL10,protein
MALT1,protein
MAP2K7,protein
MAP3K7,protein
UBE2N,protein
UBE2V2,protein
BCL11B,protein
MBD3,protein
BIK,protein
KLF4,protein
BECN1,protein
DYNLL1,protein
BCL2L11,protein
BCL2L14,protein
BCL2L2,protein
CABIN1,protein
CCL11,cytokine
ELL2,protein
FCER2,protein
IFNAR2,cytokine
IL3RA,receptor
IRF4,protein
IRF8,protein
MEF2BNB-MEF2B,protein
MTA2,protein
OR8H1,protein
PGM2L1,protein
PTPN6,protein
RAB30,protein
STAMBP,protein
STAT5A,protein
TLR1,receptor
TLR7,receptor
TNFRSF10B,receptor
BCOR,protein
BCR,protein
E2F4,protein
ITPR1,protein
RB1,protein
RBL2,protein
BEGAIN,protein
BET1,protein
BFSP1,protein
CMA1,protein
BGN,protein
BICD1,protein
FHL2,protein
BIN1,protein
BIRC2,protein
CCNA2,protein
CCNE1,protein
DIABLO,protein
FBXO7,protein
GSPT1,protein
HTRA2,protein
LTBR,protein
MAP4K4,protein
MXD1,protein
RIPK2,protein
SH3KBP1,protein
TNF,cytokine
TNFSF14,protein
UBE2D3,protein
UBE2E1,protein
UBE2L3,protein
XAF1,protein
BIRC3,protein
CASP8,protein
COMMD1,protein
E2F1,protein
HDAC3,protein
TBL1XR1,protein
UBE2D2,protein
BIRC5,protein
BIRC6,protein
TAB1,protein
BLK,protein
BLM,protein
BLMH,protein
BLVRA,protein
BMF,protein
BMP4,protein
BMP6,protein
BMPR2,protein
BMPR1A,protein
BMPR1B,protein
CD44,receptor
GDF5,protein
TRIB3,protein
BMS1,protein
BMX,protein
IRF6,protein
BNIP2,protein
BNIP3,protein
TMEM11,protein
BNIP3L,protein
BOP1,protein
KSR1,protein
MAP2K1,protein
BRAF,protein
LGALS2,protein
BRAP,protein
BRE,protein
BRD7,protein
BRD2,protein
BRD4,protein
HIST1H2AH,protein
HIST1H3D,protein
HIST4H4,protein
BRD8,protein
BRF1,protein
BRF2,protein
BRIP1,protein
HSF1,protein
BRS3,protein
PPARA,protein
TFAP2A,protein
BST2,protein
BTBD10,protein
BTBD3,protein
BTC,protein
BTF3,protein
BTG1,protein
PRKCB,protein
TLR6,receptor
TLR8,receptor
BTLA,protein
BTN3A1,protein
BTN3A3,protein
CUL1,protein
BTRC,protein
GLI3,protein
PER1,protein
REST,protein
RNF7,protein
SKP1,protein
TP63,protein
BUB1,protein
BUD31,protein
C11orf57,protein
C12orf43,protein
CCL18,cytokine
C18orf54,protein
C19orf25,protein
COPS4,protein
C19orf80,protein
C1GALT1,protein
PTX3,protein
C1QBP,protein
SCARF1,protein
C1S,protein
C1orf192,protein
C2,protein
MASP1,protein
MASP2,protein
C21orf91,protein
C3,protein
CTSG,protein
CTSL,protein
ITGB2,protein
C3AR1,protein
CD46,receptor
CFI,protein
C4orf6,protein
CA2,protein
RBM12B,protein
YLPM1,protein
CACNA1H,protein
CACNA1I,protein
CACNA2D3,protein
CACTIN,protein
CAD,protein
TAX1BP1,protein
TRAF4,protein
CALM1,protein
IQGAP1,protein
FKBP8,protein
CALR,protein
PDIA2,protein
CAMK2A,protein
CAMK2B,protein
HNMT,protein
CAMK2D,protein
NR3C1,protein
CAMLG,protein
CAMP,protein
CTSK,protein
CTSS,protein
GAPDH,protein
IGF1R,protein
PRTN3,protein
VDR,protein
CAND1,protein
PTPN1,protein
CAPNS1,protein
CAPRIN1,protein
CAPZA1,protein
CAPZA2,protein
CAPZB,protein
CARD8,protein
CARD6,protein
PTCH1,protein
CSNK2A1,protein
CYBA,protein
VHL,protein
YWHAB,protein
IFT57,protein
IL37,cytokine
MEFV,protein
NLRC4,protein
NLRP1,protein
NLRP2,protein
NLRP3,protein
PAK1,protein
TRIM16L,protein
DEDD2,protein
CASP10,protein
XIAP,protein
CASP14,protein
CASP6,protein
CASP9,protein
COPS6,protein
GZMH,protein
GZMM,protein
HDAC7,protein
PTGES3,protein
RBX1,protein
CASP4,protein
CASP5,protein
IL33,cytokine
CASP7,protein
CFLAR,protein
ILK,protein
IRF5,protein
SPARC,protein
TNFRSF10A,receptor
TNFSF10,protein
TRADD,protein
CAT,protein
TLR10,receptor
CAV1,protein
LRP6,protein
CD33,receptor
CBL,protein
VAV1,protein
CBLB,protein
CBS,protein
CBX3,protein
CC2D1A,protein
EIF2AK2,protein
CCDC130,protein
ENSG00000159186,protein
CCDC149,protein
USO1,protein
SARM1,protein
CCDC50,protein
UBC,protein
CCDC6,protein
EPHB4,protein
CCDC71L,protein
CHCHD3,protein
KRT17,protein
KRT6A,protein
PKN1,protein
TCEANC,protein
CCDC88A,protein
CCDC94,protein
CCKBR,protein
CCR8,receptor
CCL1,cytokine
CCR2,receptor
CCR3,receptor
CCR5,receptor
PPARG,protein
MMP12,protein
JUN,protein
CCL16,cytokine
CCR4,receptor
CCL17,cytokine
EEF1A1,protein
TLE1,protein
CCL22,cytokine
CCR10,receptor
CCR7,receptor
CCRL2,protein
CCL19,cytokine
CCR1,receptor
KLF6,protein
VCAN,protein
CCL20,cytokine
CTSB,protein
CTSD,protein
CCL23,cytokine
CCL24,cytokine
CCL26,cytokine
CEBPB,protein
POLR2F,protein
PIGR,protein
MMP2,protein
CCM2,protein
SKP2,protein
CCNB1,protein
FOXM1,protein
CCND1,protein
JUNB,protein
JUND,protein
SLC30A9,protein
STAT5B,protein
TCF4,protein
CCND2,protein
SETD1A,protein
CCNG1,protein
CCNG2,protein
CCNH,protein
CCNK,protein
CDK13,protein
CDK11A,protein
CCNT1,protein
CCP110,protein
CREB3,protein
DEFB4A,protein
TLR2,receptor
YWHAQ,protein
CCT5,protein
CD14,receptor
LBP,protein
LTF,protein
LYN,protein
TLR3,receptor
CXCR4,receptor
CD180,receptor
CD19,receptor
LILRB2,protein
TRBC2,protein
TRGC1,protein
LGALS1,protein
CD200,receptor
CD22,receptor
SH2D1A,protein
NCR1,protein
SYK,protein
ZAP70,protein
CD248,receptor
CD24P4,protein
CD274,receptor
CD300LB,protein
TYROBP,protein
CRKL,protein
LEP,protein
MUC2,protein
PTPN11,protein
CD36,receptor
WNT1,protein
CLEC7A,protein
CD38,receptor
IKZF1,protein
CD3G,protein
CD4,receptor
PIP,protein
HSPA8,protein
IL4R,receptor
JAK3,protein
KPNA1,protein
KPNB1,protein
TAB2,protein
TNFSF13B,protein
TRAF3IP2,protein
EGR3,protein
ITGA5,protein
NFATC2,protein
PTBP1,protein
CD9,receptor
GOPC,protein
STK39,protein
SIRPA,protein
CD5,receptor
CD63,receptor
CD68,receptor
KCNH8,protein
CD69,receptor
CD70,receptor
CD72,receptor
CTLA4,protein
CD81,receptor
LST1,protein
CD82,receptor
CD83,receptor
CDC25A,protein
PIN1,protein
CDC34,protein
CHUK,protein
CDC37,protein
RIPK3,protein
PAK3,protein
PARD6A,protein
PARD6B,protein
PARD6G,protein
PRKCI,protein
STAU1,protein
CDC42EP1,protein
CDC73,protein
FGG,protein
CDCA2,protein
CDCA8,protein
FOXQ1,protein
HECW2,protein
MET,protein
PIP5K1C,protein
PSEN1,protein
SIX1,protein
SNAI2,protein
CDH12,protein
CDH16,protein
CDH2,protein
DUSP26,protein
CDH24,protein
CDH3,protein
CDH5,protein
NLRX1,protein
DAB2,protein
CDK1,protein
IL16,cytokine
CDK4,protein
NFKB2,protein
CDK5R1,protein
CDK6,protein
RECQL,protein
CDK7,protein
CDK8,protein
CDKN1A,protein
CDK9,protein
IFIT1,protein
IFIT2,protein
RSAD2,protein
EHMT2,protein
ELK1,protein
HNRNPK,protein
INO80,protein
INPP5D,protein
PCNA,protein
TOP3A,protein
ZNF148,protein
YWHAH,protein
CDKN1C,protein
CDKN2A,protein
CDKN2B,protein
KLF5,protein
PML,protein
RARA,protein
CDKN3,protein
CDR2,protein
CDV3,protein
CDX2,protein
CEACAM1,protein
HAVCR2,protein
CEACAM3,protein
CSF2RB,protein
CSF3,cytokine
CSF3R,protein
CTNNA1,protein
EPHX1,protein
ITGAX,protein
MIR223,protein
NFYA,protein
NQO2,protein
SMARCA2,protein
TLR9,receptor
CSF1R,protein
CSH1,protein
CYP3A4,protein
DUSP1,protein
GABPA,protein
HES1,protein
HOMER3,protein
IGFBP1,protein
IGFBP3,protein
IL12B,protein
IL18BP,protein
IL4,cytokine
INHBE,protein
MMP13,protein
PRG2,protein
SLC19A1,protein
SUMO1,protein
CLIC4,protein
CNTNAP5,protein
CRP,protein
CTNNAL1,protein
CYP19A1,protein
DNAJC18,protein
DNMT1,protein
DNMT3A,protein
DNMT3B,protein
ENSG00000125695,protein
ESR1,protein
FRAT1,protein
GPD1L,protein
HDAC4,protein
HIST2H3C,protein
HOXB4,protein
IGSF22,protein
ING4,protein
IRGQ,protein
JAG1,protein
LBR,protein
LDLR,protein
LTBP1,protein
MAFB,protein
MLF1,protein
MPDZ,protein
MPP6,protein
MSRB3,protein
NF2,protein
OMA1,protein
PDE3B,protein
PGRMC1,protein
PLCB1,protein
PTGS2,protein
PTTG1,protein
RHNO1,protein
RNF144B,protein
SCN4B,protein
SLC1A5,protein
SLITRK5,protein
SOD1,protein
SOSTDC1,protein
SOX2,protein
SPEN,protein
TBRG1,protein
TMBIM6,protein
TOP2A,protein
TRPM2,protein
TSLP,protein
TXNDC11,protein
ULBP2,protein
USP50,protein
ZEB1,protein
ZNF510,protein
ZNF600,protein
ZNF721,protein
CEBPG,protein
CEBPZ,protein
CELF1,protein
CELSR3,protein
CENPE,protein
LAG3,protein
CFAP44,protein
FOXO3,protein
KLK1,protein
MIR146A,protein
LCP1,protein
RAD21,protein
FAS,protein
COPS5,protein
CTCF,protein
MYO5B,protein
NEDD4,protein
RAB11A,protein
RAB27A,protein
SLC26A3,protein
SLC4A7,protein
SLC9A3R2,protein
STX8,protein
VTI1B,protein
CGREF1,protein
CHAC1,protein
CHD1,protein
CHD3,protein
MTA1,protein
CHD8,protein
CHEK1,protein
CHIC2,protein
CHMP2B,protein
CHP1,protein
CHP2,protein
CHRD,protein
CHRM1,protein
CHRM5,protein
CHRNA2,protein
CSF2RA,protein
CUEDC2,protein
DNAJA3,protein
EBAG9,protein
ETS1,protein
FANCA,protein
H3F3A,protein
HSPA1B,protein
HSPB1,protein
HSPD1,protein
IKBKE,protein
IRS1,protein
MAP3K1,protein
MAP3K11,protein
MAP3K8,protein
MIR16-1,protein
MLST8,protein
NCOA3,protein
NLRC5,protein
PPM1B,protein
PRKCQ,protein
PRKRA,protein
PYDC1,protein
SASH1,protein
TNFAIP3,protein
TRIM27,protein
TRIO,protein
TRPC4AP,protein
PRKDC,protein
CIDEC,protein
CIR1,protein
EPOR,protein
GHR,protein
IL2RB,receptor
MIR98,protein
CISH,protein
PRLR,protein
CLDN12,protein
CLDN3,protein
CLDN5,protein
CLEC1B,protein
CLEC6A,protein
ENSG00000173366,protein
CLIC5,protein
CLINT1,protein
CLIP1,protein
CLK2,protein
FADS2,protein
CLPX,protein
CLU,protein
CLUAP1,protein
CMPK1,protein
EMD,protein
CNOT8,protein
TLR4,receptor
TRAF5,protein
NFYB,protein
NFYC,protein
COL14A1,protein
DDR1,protein
COL1A1,protein
COL1A2,protein
COL4A5,protein
DUSP14,protein
HIST1H2AE,protein
HIST1H2BB,protein
MRM1,protein
TAF15,protein
COPB1,protein
COPS3,protein
COPS2,protein
GPS1,protein
RORA,protein
CORO1A,protein
NR1H2,protein
CPNE6,protein
CPSF2,protein
CPSF6,protein
WWP1,protein
IFNA1,cytokine
RBPJ,protein
CRTC3,protein
CSMD3,protein
DBR1,protein
DCC,protein
DHTKD1,protein
DLD,protein
DLX5,protein
DLX6,protein
DTWD1,protein
EME1,protein
ERAS,protein
FAM227B,protein
FANCD2,protein
GMFB,protein
GREB1L,protein
HIST1H2BC,protein
HIST1H4H,protein
HOXD13,protein
HOXD3,protein
HOXD4,protein
ID1,protein
IL1RAPL1,receptor
IL2,cytokine
INTS2,protein
IRX1,protein
KAT2B,protein
KAT8,protein
KIR3DL1,protein
LGI2,protein
LIAS,protein
LRPAP1,protein
MAF,protein
MAPKBP1,protein
ME3,protein
MEIS1,protein
MIER3,protein
MKL1,protein
MMP25,protein
MRPL27,protein
MSL3,protein
MUC5B,protein
MYRIP,protein
NR4A2,protein
ORMDL3,protein
PCSK1N,protein
PIH1D2,protein
PLIN3,protein
PMAIP1,protein
PRDM8,protein
R3HDM1,protein
RAB4B,protein
RFX2,protein
RPL9,protein
SEC61A2,protein
SETD9,protein
SLC2A11,protein
SLU7,protein
TRH,protein
ZIC5,protein
ZNF425,protein
ZNF524,protein
ZNF665,protein
ZNF677,protein
ZRANB3,protein
TSPO,protein
CREB3L2,protein
CRELD2,protein
CSF2,cytokine
CREM,protein
CRIPT,protein
FCN2,protein
CRYM,protein
SPI1,protein
HNRNPC,protein
SDC2,protein
SOCS3,protein
CSK,protein
CSNK1G2,protein
GCH1,protein
MECOM,protein
CSNK2B,protein
TAF7,protein
CSPG4,protein
CSTB,protein
CSTF2,protein
PNN,protein
ZBP1,protein
CTBP2,protein
ZMYND10,protein
CTCFL,protein
ERBB2,protein
FGF20,protein
HNRNPA2B1,protein
HNRNPM,protein
LDHB,protein
PKD1,protein
RPLP2,protein
SDCBP,protein
SNRPD1,protein
SOX17,protein
SPN,protein
TCF7L2,protein
WDHD1,protein
NFKBIL1,protein
CTR9,protein
CTRL,protein
RARRES2,protein
CTTN,protein
PLCG2,protein
PPP1R15A,protein
DCUN1D1,protein
FBXO25,protein
FBXO27,protein
FBXO31,protein
FBXO4,protein
FBXO44,protein
FBXO6,protein
SARS2,protein
TRIM21,protein
ZC3HC1,protein
FEM1B,protein
GNB2L1,protein
LRR1,protein
KEAP1,protein
RAB40C,protein
SPSB2,protein
WSB1,protein
FBXW8,protein
CUL7,protein
CUX2,protein
CX3CR1,protein
CX3CL1,protein
CXCL10,cytokine
PIAS1,protein
CXCL11,cytokine
CXCL2,cytokine
CXCL3,cytokine
CXCL5,cytokine
CXCL6,cytokine
CXCL9,cytokine
LASP1,protein
GTF3A,protein
PPBP,protein
ST13,protein
FTH1,protein
GNA11,protein
HADHA,protein
JAK2,protein
KTN1,protein
MOGS,protein
NPM1,protein
NRF1,protein
PIK3CG,protein
PLEC,protein
PPIA,protein
USF2,protein
NFATC3,protein
CXCR5,receptor
CYB5A,protein
KIAA0226,protein
ELF1,protein
CYBB,protein
HOXA9,protein
PLA2G4A,protein
CYCS,protein
CYLD,protein
MIR362,protein
RNF31,protein
TRPA1,protein
CYP1A1,protein
SIN3A,protein
CYP3A7,protein
CYP4F11,protein
CYP51A1,protein
CYTH1,protein
CYTIP,protein
DAB2IP,protein
DAK,protein
DAP,protein
DAPK3,protein
DAXX,protein
DBI,protein
SOX11,protein
DBNL,protein
DCD,protein
DCHS2,protein
DCN,protein
DCTN1,protein
MAPK8IP3,protein
DDAH1,protein
DDB1,protein
IL23A,protein
DDX17,protein
DDX24,protein
DDX5,protein
EIF3B,protein
EIF3E,protein
DDX3Y,protein
DDX52,protein
PCBP1,protein
PCBP2,protein
RNF125,protein
ZC3HAV1,protein
DDX6,protein
DDX60,protein
MMP14,protein
DEFA1,protein
DEFB1,protein
DEFB103A,protein
DES,protein
MIR145,protein
DGCR6,protein
RASGRP1,protein
FADS1,protein
DHRS3,protein
DHRS7,protein
OAS3,protein
DHX33,protein
DIAPH1,protein
E2F5,protein
TUBB,protein
TNIP1,protein
DLEU1,protein
DLG1,protein
DLG2,protein
DLG4,protein
DLGAP1-AS1,protein
EP400,protein
EPC1,protein
RUVBL1,protein
RUVBL2,protein
SRCAP,protein
TRRAP,protein
DMAP1,protein
YEATS4,protein
SFTPD,protein
DMD,protein
DMRT1,protein
DMTF1,protein
DNAJB11,protein
DNAJC15,protein
DNAJC3,protein
TSC1,protein
DOCK9,protein
ITGB7,protein
DPEP1,protein
DPP6,protein
DPP10,protein
DPP4,protein
DPP8,protein
DPY19L2,protein
DR1,protein
DRAM1,protein
DRD4,protein
DRG1,protein
DSP,protein
DSPP,protein
UBE2D4,protein
DUOX2,protein
ILF3,protein
PAF1,protein
RTF1,protein
TIA1,protein
MAPK14,protein
DUSP15,protein
DUSP16,protein
DUSP4,protein
DUSP5,protein
DUT,protein
DVL2,protein
DVL3,protein
DYNC1H1,protein
DYNC1I1,protein
DYRK1A,protein
DYRK1B,protein
DYRK2,protein
FGFR2,protein
LAPTM4B,protein
MFAP1,protein
PA2G4,protein
PDK4,protein
PHB,protein
PHF8,protein
RECQL4,protein
THBS1,protein
TIMELESS,protein
ULK1,protein
E2F3,protein
E2F6,protein
EBI3,protein
EBP,protein
ECH1,protein
ECSIT,protein
GTF2I,protein
ITGAE,protein
EEF2,protein
EFCAB6,protein
EFEMP2,protein
EFHD2,protein
EFNA2,protein
ITGB4,protein
SOCS4,protein
EGLN1,protein
EGLN3,protein
HIF1AN,protein
EGLN2,protein
ELF2,protein
ELOF1,protein
EMC2,protein
ETS2,protein
EVL,protein
FAH,protein
FOSL2,protein
GADD45B,protein
GDAP1,protein
GLYCTK,protein
GSDMB,protein
GTPBP4,protein
H2AFV,protein
HBP1,protein
HDAC9,protein
HERC5,protein
HMGCS1,protein
HOXA2,protein
HOXB7,protein
HSD17B2,protein
HSF4,protein
HTN3,protein
IFITM2,protein
IL15,cytokine
IL27,cytokine
IMPDH2,protein
ISL2,protein
ITPK1,protein
KANK2,protein
KCNK3,protein
KDSR,protein
KIF15,protein
KIF20A,protein
KIR2DL4,protein
KISS1R,protein
KLF10,protein
KLF11,protein
KLF2,protein
KMT2E,protein
KRT85,protein
KRT86,protein
KRTAP12-1,protein
LIMK1,protein
LONP1,protein
LRRC29,protein
MAGI2,protein
MAP2K2,protein
MAP2K5,protein
MAP4,protein
MAX,protein
MCHR1,protein
MCM7,protein
METTL7B,protein
MGARP,protein
MIR10A,protein
MIR132,protein
MIR142,protein
MIR17HG,protein
MIR212,protein
MIR24-2,protein
MIR92B,protein
MOAP1,protein
MRPS30,protein
MUC16,protein
MVP,protein
NAB2,protein
NDRG1,protein
NDUFB9,protein
NFIC,protein
NFIX,protein
NPBWR1,protein
NR4A1,protein
OSM,protein
PAK6,protein
PAX6,protein
PBX4,protein
PCM1,protein
PDE6B,protein
PENK,protein
PGM2,protein
PNMA1,protein
POLR3E,protein
POU4F1,protein
PPIL2,protein
PPP1R35,protein
PRKACA,protein
PRKCSH,protein
PRKX,protein
PSD3,protein
PTPN13,protein
PTPRO,protein
QRICH1,protein
RAD51,protein
RAPGEF6,protein
RGS11,protein
RNF139,protein
RRAS2,protein
RUNDC3B,protein
SARNP,protein
SEMA3B,protein
SENP1,protein
SERPINB13,protein
SLC15A1,protein
SLC18A1,protein
SLC24A1,protein
SLC45A2,protein
SLC6A12,protein
SLC6A6,protein
SMAD1,protein
SMPD1,protein
SNX25,protein
SOCS1,protein
SORD,protein
SOX5,protein
SS18,protein
SSRP1,protein
STAP1,protein
STC1,protein
SUPT16H,protein
TAF6,protein
TBCA,protein
TCF7,protein
TM2D2,protein
TM9SF2,protein
TMEM74B,protein
TMEM97,protein
TMEM98,protein
TNP2,protein
TOMM22,protein
TRAPPC9,protein
TRPV5,protein
UBP1,protein
VPS35,protein
WT1,protein
ZCWPW1,protein
ZDHHC13,protein
ZNF146,protein
ZNF207,protein
ZNF410,protein
ZNF536,protein
ZNF74,protein
EGR4,protein
HDAC1,protein
EIF1,protein
EIF1B,protein
ENSG00000278815,protein
TYK2,protein
EIF3D,protein
EIF3F,protein
EIF3G,protein
EIF4A1,protein
POLDIP3,protein
SMG1,protein
EIF4B,protein
EIF4ENIF1,protein
MKNK2,protein
LEO1,protein
EIF4G1,protein
EIF4G2,protein
OPTN,protein
ELAC2,protein
GFI1,protein
ENAH,protein
ETV5,protein
FAM105A,protein
FAM46A,protein
FANCE,protein
FCHSD2,protein
FKBP1A,protein
FNDC3A,protein
FOXN2,protein
FXR1,protein
GAL,protein
GCLC,protein
HMG20A,protein
HMOX1,protein
HNRNPA0,protein
IER2,protein
INSIG1,protein
ITPKB,protein
KCTD9,protein
KDM2A,protein
KIF1B,protein
KIF20B,protein
KLHL3,protein
LAMTOR3,protein
LPHN1,protein
LTA4H,protein
MANBAL,protein
MAP4K5,protein
MAPKAPK2,protein
MARCH2,protein
MARVELD2,protein
MDC1,protein
MED20,protein
MPZL1,protein
MSN,protein
NDUFC2,protein
NPLOC4,protein
NUAK1,protein
NUAK2,protein
OCRL,protein
ODF2,protein
OSBPL2,protein
OTULIN,protein
OXSR1,protein
PAPD5,protein
PCGF2,protein
PDCD4,protein
PEX19,protein
PHACTR2,protein
PHTF2,protein
PITPNB,protein
PKN2,protein
PPP2R5E,protein
PPP3CB,protein
PPTC7,protein
PRKAA1,protein
PRPS2,protein
PUM2,protein
RABL2A,protein
RBM15,protein
RERE,protein
RFWD2,protein
RNF149,protein
RYBP,protein
RYK,protein
SAMD1,protein
SDCCAG3,protein
SENP2,protein
SERINC3,protein
SESN3,protein
SHOX2,protein
SLC38A2,protein
SLC39A10,protein
SLC7A1,protein
SNTB2,protein
SNX19,protein
SPOCK1,protein
SPRED1,protein
SPRED2,protein
SPSB1,protein
SRD5A1,protein
SRSF9,protein
STK24,protein
TCEAL8,protein
TIMP3,protein
TMEM2,protein
TMEM38B,protein
TMEM68,protein
TMEM9B,protein
TMTC4,protein
TOB1,protein
TP53TG3,protein
TRERF1,protein
TRIM37,protein
TROAP,protein
TRPC1,protein
TTC33,protein
TUFT1,protein
UBE2H,protein
UBE2J1,protein
UFM1,protein
UHMK1,protein
UHRF1,protein
USP3,protein
UST,protein
WDR45B,protein
YES1,protein
ZBTB33,protein
ZFR,protein
ZMPSTE24,protein
ZNF426,protein
ZNF554,protein
ZNF91,protein
IGF2BP1,protein
ELF4,protein
SNCA,protein
SNCB,protein
ELN,protein
NID2,protein
ELOVL1,protein
ELP2,protein
ELP3,protein
GPS2,protein
LMO7,protein
MYH9,protein
MYO1E,protein
NMI,protein
SPTAN1,protein
EMG1,protein
EMR1,protein
GIPC1,protein
TGFBR1,protein
ENG,protein
TRIP6,protein
ENO2,protein
ENSG00000188223,protein
ERCC5,protein
FOXG1,protein
NR3C2,protein
EPB42,protein
HOPX,protein
EPHA4,protein
EPN2,protein
EPO,protein
EPPK1,protein
HEXIM1,protein
EPSTI1,protein
ERAP2,protein
KCNA5,protein
MAPK12,protein
PDZD2,protein
ITCH,protein
ERBB4,protein
ERC1,protein
ERCC2,protein
ERG,protein
ERLIN1,protein
PEBP1,protein
ERRFI1,protein
PDGFRB,protein
GREB1,protein
PIK3CA,protein
RPS6KA3,protein
TRIM25,protein
NR0B1,protein
MMP3,protein
ETV7,protein
EWSR1,protein
EXOC4,protein
RALA,protein
EXOC2,protein
EXOC3,protein
USHBP1,protein
EXOSC9,protein
KDM5B,protein
ICAM1,protein
ICAM3,protein
VCAM1,protein
F11R,protein
F2,protein
F2R,protein
F2RL1,protein
F8A2,protein
FABP1,protein
NLRP12,protein
FAF1,protein
NLRP7,protein
RHOC,protein
FANCF,protein
FASLG,protein
FYN,protein
FASTKD2,protein
GCC1,protein
FBN1,protein
FBN2,protein
FBXL2,protein
FBXW11,protein
FBXW2,protein
FBXW5,protein
FCER1A,protein
GATA1,protein
GATA2,protein
GABPB1,protein
FCGR2A,protein
FCGRT,protein
FDPS,protein
FDX1,protein
TCEB2,protein
FES,protein
FGA,protein
FGF2,protein
ITGA3,protein
ITGA7,protein
REV1,protein
MZF1,protein
FKBP14,protein
FKBP4,protein
PPP3CA,protein
PSMC1,protein
PADI1,protein
PADI2,protein
PADI3,protein
FLII,protein
FLOT2,protein
ITGAL,protein
FLT1,protein
FLT3,protein
LGALS3BP,protein
HDAC2,protein
FOSL1,protein
NOS2,protein
FOXA1,protein
FOXJ1,protein
FOXO1,protein
TXNIP,protein
YWHAG,protein
PDGFRA,protein
XPO1,protein
FOXP1,protein
GSK3B,protein
FREM1,protein
PRKCD,protein
FST,protein
MMP28,protein
SPINK5,protein
HDAC5,protein
POLR2A,protein
LCMT1,protein
FYB,protein
FYCO1,protein
NPHS1,protein
RUNX3,protein
NDP,protein
TSKU,protein
WNT2B,protein
IL13,cytokine
G3BP1,protein
GAB1,protein
GAB2,protein
OPRK1,protein
GADD45A,protein
GADD45G,protein
GMCL1,protein
GAS6,protein
TYRO3,protein
IL2RA,receptor
OCLN,protein
TIMP1,protein
TJP1,protein
IL5,cytokine
GATA6,protein
GBP1,protein
PRMT1,protein
GCKR,protein
NFE2L2,protein
GDI2,protein
GEMIN4,protein
GEMIN5,protein
GUCY1B3,protein
HMGB2,protein
IPO8,protein
PIAS4,protein
PRDM5,protein
RPS20,protein
SDHB,protein
SYTL1,protein
TIMM50,protein
TTN,protein
ZSCAN22,protein
ZXDC,protein
GGA1,protein
GH1,protein
GIGYF2,protein
GIT2,protein
GK,protein
GLI1,protein
GLI2,protein
GMPS,protein
GNA12,protein
GNA15,protein
RGS14,protein
GNAI2,protein
GPSM1,protein
TTC1,protein
INSR,protein
ITGB5,protein
PTPRM,protein
GNL3,protein
GOLGA3,protein
NLGN1,protein
SSTR5,protein
GP1BA,protein
GPHN,protein
TCEB1,protein
GPR75-ASB3,protein
MLNR,protein
OXTR,protein
TAC1,protein
TAC3,protein
MAP3K7CL,protein
KIT,protein
IL6ST,protein
LAT2,protein
MERTK,protein
PRKAB1,protein
PTK2,protein
PTK2B,protein
SOS1,protein
SOS2,protein
SPRY2,protein
GRHPR,protein
GRIP1,protein
TBXA2R,protein
GRN,protein
NIN,protein
GSPT2,protein
GSR,protein
SNRPA,protein
GTF2E2,protein
GTF2F1,protein
SRF,protein
GUCY1A3,protein
STAB1,protein
GZMA,protein
XRCC6,protein
GZMK,protein
TRAP1,protein
H2AFY,protein
HNF1A,protein
HNF4A,protein
HABP4,protein
HAL,protein
IL1A,protein
HBA1,protein
HBA2,protein
NR2F2,protein
HBEGF,protein
YBX3,protein
HBZ,protein
RBL1,protein
HCLS1,protein
HCST,protein
IGHE,protein
MMP9,protein
MS4A2,protein
ZBTB16,protein
HOXA10,protein
RFXANK,protein
TAGLN,protein
HDGF,protein
HERC6,protein
HERC3,protein
SIRT1,protein
TF,protein
TFR2,protein
HFE,protein
HGS,protein
HIAT1,protein
HIC1,protein
NDRG2,protein
NFKBIB,protein
NOTCH2,protein
OTUB1,protein
RIPK4,protein
TNKS2,protein
HINT1,protein
HIST1H1B,protein
MYSM1,protein
HLA-A,protein
LILRB1,protein
HLA-B,protein
KIR2DL1,protein
HLA-C,protein
HLA-DMA,protein
HLA-DRA,protein
KLRD1,protein
HMGA1,protein
HMGA2,protein
TPSAB1,protein
HMGN4,protein
HMHB1,protein
IGFBP7,protein
LDHA,protein
MRPL15,protein
NPC1L1,protein
RANBP1,protein
SEL1L,protein
SRSF7,protein
STAT6,protein
TM4SF4,protein
VIM,protein
VTN,protein
ZBED3,protein
PAX8,protein
RBP5,protein
SLC37A4,protein
HNRNPA1,protein
HNRNPH1,protein
HNRNPU,protein
PRMT5,protein
MITF,protein
PBX1,protein
HOXC6,protein
HOXC8,protein
HPX,protein
ITSN1,protein
TIAM1,protein
HRG,protein
SUGT1,protein
HSP90AB1,protein
HSP90B1,protein
HSPA14,protein
HSPA1A,protein
PRR5,protein
HSPA5,protein
PGLYRP1,protein
HSPA9,protein
PSMC6,protein
HTRA4,protein
HUWE1,protein
IDO1,protein
IFI16,protein
IFI27,protein
IFI6,protein
KRT18,protein
MED14,protein
IFIT3,protein
IFIT5,protein
IFITM1,protein
IFITM3,protein
IFNA2,cytokine
IFNGR1,cytokine
IFNL1,cytokine
MIR208B,protein
MIR499A,protein
IFNL2,cytokine
IFNL3,cytokine
IFT20,protein
PPP2CB,protein
PPP4C,protein
IGBP1,protein
NCK2,protein
SETDB2,protein
MAN2A2,protein
MYLK2,protein
NIPSNAP3A,protein
PKM,protein
PLP2,protein
PSMB5,protein
PSMC5,protein
SDHAF2,protein
TTR,protein
TXNDC9,protein
USP9X,protein
STAP2,protein
SIKE1,protein
TNIP2,protein
TNIP3,protein
USP7,protein
IL10RA,protein
IL10,cytokine
SPIB,protein
IL11RA,protein
IL11,cytokine
IL12RB1,protein
IL12A,protein
IL23R,protein
STAT4,protein
PUF60,protein
IL2RG,receptor
IL13RA1,protein
IL17A,protein
IL17RC,protein
IL17RB,protein
IL17RA,protein
IL17F,protein
IL25,cytokine
IL18,cytokine
IL18R1,protein
TICAM2,protein
IL20RB,protein
RUNX1T1,protein
IL1R1,receptor
IL1R2,receptor
NDN,protein
IL1RAP,receptor
UMOD,protein
IRAK4,protein
TMED7,protein
IL26,cytokine
IL21,cytokine
IL21R,protein
IL22,cytokine
IL24,cytokine
PELP1,protein
IL3,cytokine
POU2F1,protein
ITGAV,protein
IL32,cytokine
PXN,protein
IL5RA,receptor
POU2F2,protein
TET2,protein
ZFP91,protein
IL7,cytokine
PDIA3,protein
PSME1,protein
PSME2,protein
TUBA3C,protein
TUBA8,protein
TUBB6,protein
IL9,cytokine
IL9R,receptor
XRCC5,protein
TYMS,protein
SOCS7,protein
IP6K2,protein
KDR,protein
S100B,protein
IQUB,protein
IRAK3,protein
PELI1,protein
PELI2,protein
PELI3,protein
RCAN1,protein
SIGIRR,protein
STIP1,protein
UNC5CL,protein
VASP,protein
ISG20,protein
LMO2,protein
MED10,protein
MIR23A,protein
PSMB10,protein
SUB1,protein
TRIM44,protein
NF1,protein
MX1,protein
PPIB,protein
RBCK1,protein
RIOK3,protein
ZNF143,protein
MS4A1,protein
SQLE,protein
SERPINB5,protein
NR1H3,protein
RNF216,protein
KPNA3,protein
KPNA4,protein
KPNA6,protein
IRF9,protein
IRS2,protein
IRS4,protein
KLF9,protein
MLANA,protein
N4BP1,protein
NFE2,protein
SMAD6,protein
LGALS8,protein
ITGA4,protein
ITGA9,protein
ITGAD,protein
SLC3A2,protein
SLC7A6,protein
ITIH4,protein
ITK,protein
ITLN2,protein
ITM2C,protein
MAP3K5,protein
JAK1,protein
JAZF1,protein
JAZF1-AS1,protein
JKAMP,protein
PLK3,protein
KBTBD11,protein
KCNIP3,protein
KCNJ15,protein
KCNJ2,protein
KCNJ6,protein
KCNJ4,protein
KCNQ1,protein
KDM1A,protein
RBMX,protein
PARN,protein
SKIV2L2,protein
KIAA1279,protein
KIF11,protein
KIF3A,protein
SVIL,protein
RUNX2,protein
KLC1,protein
PEF1,protein
KLK13,protein
KLRC3,protein
MEN1,protein
PTPN2,protein
KRAS,protein
KRT15,protein
SLC25A6,protein
KRT31,protein
KRT36,protein
ZFHX3,protein
KRT77,protein
KRT8,protein
KRT81,protein
KRT82,protein
KSR2,protein
RABGEF1,protein
LAPTM5,protein
LCK,protein
LRP2,protein
NFKBIZ,protein
SLC22A17,protein
SKAP1,protein
PDPN,protein
LIMD1,protein
LINC00309,protein
LINC00515,protein
LITAF,protein
LLGL1,protein
PARD3B,protein
LLGL2,protein
LMO1,protein
TNKS,protein
LRRC23,protein
LRRFIP1,protein
LRRFIP2,protein
LRRK1,protein
LTB,protein
TNFRSF14,receptor
LTC4S,protein
LTK,protein
LUC7L,protein
LY86,protein
LYAR,protein
NKX2-8,protein
NTRK3,protein
PDCD6IP,protein
STAG3L1,protein
STAG3L3,protein
MUC1,protein
NMT1,protein
PLAUR,protein
PPP1R8,protein
RPL10,protein
SHC1,protein
LYZ,protein
LZIC,protein
TRIP13,protein
SH2D4A,protein
TCEA2,protein
MAGEB18,protein
MAL,protein
MAP1A,protein
MAP1B,protein
NBR1,protein
MIR497HG,protein
PLCB2,protein
TAOK2,protein
PPM1A,protein
MAP2K6,protein
MAPK8IP2,protein
MAP3K10,protein
MAP3K13,protein
MAP3K2,protein
MAP3K3,protein
STRAP,protein
TPD52L1,protein
TXN,protein
SFN,protein
MAP4K1,protein
ROR2,protein
SIVA1,protein
SKIL,protein
STRADB,protein
TAB3,protein
TAOK1,protein
TNFRSF11A,receptor
WDR34,protein
MAPKAPK5,protein
MAPKAPK3,protein
RPS6KA4,protein
SELE,protein
SREBF2,protein
MAPK8IP1,protein
SERPINB3,protein
WDR62,protein
WWOX,protein
RARG,protein
STAB2,protein
PRR5L,protein
MAPKAP1,protein
PABPC1,protein
MAPT,protein
MARCH5,protein
SCGB3A2,protein
NDFIP1,protein
PLK1,protein
TOMM70A,protein
TRIM14,protein
PQBP1,protein
MBD2,protein
RBBP4,protein
RBBP7,protein
MBP,protein
MCMBP,protein
MCM4,protein
NUDT2,protein
MCM6,protein
MCRS1,protein
PINX1,protein
PGLS,protein
ZBTB25,protein
MDK,protein
TBP,protein
MED1,protein
THRB,protein
MEIS2,protein
WDR4,protein
MICB,protein
NKIRAS2,protein
OGG1,protein
MIR126,protein
MIR130A,protein
MIR16-2,protein
MIR187,protein
MIR203A,protein
SOCS6,protein
NFIA,protein
MIR29A,protein
ZEB2,protein
MIR3125,protein
NFIB,protein
MIR4308,protein
MIR4436A,protein
MIR4475,protein
MIR517A,protein
MIR5192,protein
MLF2,protein
PFN1,protein
MLLT4,protein
RIT2,protein
MLTK,protein
NCOA2,protein
MNAT1,protein
MOGAT1,protein
MORC4,protein
MPO,protein
MRPS18B,protein
MRPS21,protein
MRPS22,protein
MRPS31,protein
MRPS34,protein
MRRF,protein
MSR1,protein
MST1R,protein
MSX1,protein
MT-ND6,protein
MTHFD1,protein
PREX1,protein
PREX2,protein
PRKAR1A,protein
RHEBL1,protein
RPS6KB1,protein
RPTOR,protein
RRAGB,protein
UBQLN1,protein
TFF3,protein
MYBL2,protein
MYCBP2,protein
MYH1,protein
MYH10,protein
MYH14,protein
MYL6,protein
MYLK,protein
RBM10,protein
STK38,protein
NAA15,protein
TXLNA,protein
NAP1L4,protein
STX4,protein
NAT1,protein
UPF1,protein
WBP11,protein
NCF4,protein
NCF2,protein
S100A8,protein
S100A9,protein
NCR3,protein
OLFM4,protein
NDUFA9,protein
NDUFB10,protein
NDUFB6,protein
NDUFS4,protein
NEDD1,protein
NEDD4L,protein
TP53BP1,protein
WHSC1,protein
NEU1,protein
PLSCR1,protein
SLC5A3,protein
TNFSF11,protein
NQO1,protein
PDE8A,protein
TNFAIP2,protein
PSMD11,protein
PPP6R1,protein
PPP6R2,protein
NGFRAP1,protein
NIPA1,protein
NKD2,protein
NKX2-1,protein
NLK,protein
NR1I2,protein
UQCRC2,protein
NMRAL1,protein
NMU,protein
NOLC1,protein
TOP1,protein
NONO,protein
NOP10,protein
NOX1,protein
NOX4,protein
NOXO1,protein
NOXA1,protein
NPRL2,protein
NR4A3,protein
NRBF2,protein
NRG2,protein
NSFL1C,protein
NSUN2,protein
NTRK2,protein
NUCKS1,protein
NUDC,protein
NUMBL,protein
NUP153,protein
OAS2,protein
OFD1,protein
OGDHL,protein
OGN,protein
SULT1E1,protein
OXCT1,protein
PABPC3,protein
PAFAH1B3,protein
PDPK1,protein
PRL,protein
PINK1,protein
PARP14,protein
PAWR,protein
PAX3,protein
PKNOX1,protein
PLAU,protein
PDAP1,protein
PDCD1LG2,protein
PDE4A,protein
PDE6D,protein
RND1,protein
PDE6H,protein
PDGFA,protein
PDS5A,protein
UBA2,protein
SUFU,protein
PFKFB3,protein
PFN2,protein
PGAM1,protein
PGGT1B,protein
PGK1,protein
TREM1,protein
PGLYRP3,protein
PHC2,protein
PHF19,protein
PHGDH,protein
PIK3AP1,protein
PIK3CD,protein
TLR5,receptor
TSHR,protein
WASF3,protein
PRKCA,protein
S100A10,protein
PLCE1,protein
PLD2,protein
PLK4,protein
PLOD3,protein
PLS3,protein
TFG,protein
SEMA7A,protein
POLR2B,protein
PRR7,protein
PSEN2,protein
PTEN,protein
PTGER4,protein
PTH2R,protein
PTTG2,protein
RAB35,protein
RALYL,protein
RARRES3,protein
RBM43,protein
RDH10,protein
RFK,protein
RGS9,protein
RMI2,protein
RNF10,protein
RPS16P5,protein
RPS6KC1,protein
RRP7A,protein
RTP4,protein
SBSPON,protein
SEC11A,protein
SLC9A8,protein
SNORD89,protein
SORL1,protein
TBC1D5,protein
THEM4,protein
TLK1,protein
TMEM132A,protein
TMEM135,protein
TNFSF15,protein
TPCN2,protein
USP18,protein
WAPAL,protein
WDR86-AS1,protein
ZBED5,protein
ZBTB20,protein
ZC3HAV1L,protein
ZNF654,protein
ZNF827,protein
PPFIA1,protein
PPM1G,protein
PPP1R12C,protein
PPP1R14A,protein
PPP6R3,protein
PRC1,protein
PSMB8,protein
RALY,protein
RLIM,protein
SP110,protein
SPC25,protein
TLN1,protein
ZSCAN2,protein
SKI,protein
SLC22A8,protein
WWC1,protein
PRRC2C,protein
PSKH1,protein
PSMA4,protein
PSMC2,protein
PSMD1,protein
PSMD13,protein
PSPC1,protein
PTGDR,protein
TP53I3,protein
PTMA,protein
PTN,protein
PTPRB,protein
PTPRE,protein
PTPRJ,protein
RAB11FIP5,protein
RAD18,protein
RAD23A,protein
SHOC2,protein
RALBP1,protein
RALGDS,protein
RANGAP1,protein
RAP1GDS1,protein
TCEB3,protein
TNFRSF10C,receptor
RAP1B,protein
RAP2A,protein
RARB,protein
RASA1,protein
RASSF7,protein
RBM15B,protein
SREK1,protein
RBP3,protein
RBPMS,protein
RCN3,protein
SREBF1,protein
TFPI2,protein
TOP3B,protein
TXN2,protein
ZBED4,protein
ZFP64,protein
RELN,protein
RRAS,protein
ZNF24,protein
RIN1,protein
RLF,protein
RNF11,protein
RNF20,protein
ROCK2,protein
RXRA,protein
RPAP3,protein
RPL27A,protein
RPL28,protein
RPL3,protein
RPL30,protein
RPL4,protein
RPL5,protein
RPL6,protein
RPLP0,protein
RPSA,protein
RPS27A,protein
RPS6,protein
RPS8,protein
RPS9,protein
RRAGA,protein
TRPV4,protein
SAFB,protein
SCN4A,protein
SEC61B,protein
SELL,protein
SERPING1,protein
VCL,protein
SNX17,protein
SEPT6,protein
SEPT4,protein
SERTAD1,protein
SETD2,protein
SFTPA1,protein
SFTPA2,protein
SIGLEC5,protein
SIGLEC6,protein
SIGLEC7,protein
UVRAG,protein
TEK,protein
SIAH1,protein
SNCAIP,protein
SIAH2,protein
SLC16A7,protein
SLC2A3,protein
SLC6A3,protein
TESC,protein
ZNF512B,protein
SQRDL,protein
SSX1,protein
STX11,protein
STXBP5,protein
SNAPIN,protein
SSTR1,protein
TGFA,protein
SOCS2,protein
TFDP1,protein
SOCS5,protein
TGIF1,protein
SPAG9,protein
SPOP,protein
TKT,protein
SRI,protein
SRSF1,protein
SRSF8,protein
SSB,protein
SSSCA1,protein
TRIM28,protein
STK17B,protein
STMN1,protein
STMN2,protein
STUB1,protein
SUPT5H,protein
TBL1Y,protein
TFF1,protein
USP5,protein
TBC1D27,protein
TBC1D7,protein
USP2,protein
USP10,protein
TCEAL3,protein
TCEAL5,protein
TCEAL6,protein
TRAC,protein
WIPI2,protein
TERF2IP,protein
TGFB3,protein
TGFBRAP1,protein
THOC2,protein
TIAL1,protein
TIFA,protein
VRK3,protein
TRIM32,protein
TRIM56,protein
TMEM37,protein
TNFRSF1B,receptor
TNFSF12,protein
TNFRSF13C,receptor
TNFRSF17,receptor
TNFRSF18,receptor
TNFRSF25,receptor
TNFRSF4,receptor
TNFRSF8,receptor
TNFRSF9,receptor
TNFSF13,protein
TNIK,protein
TOR1AIP1,protein
TP53AIP1,protein
TPM1,protein
TPM2,protein
TPM3,protein
TPM4,protein
USP4,protein
UBE2W,protein
TSC22D4,protein
TTC3,protein
TUBA1A,protein
TUBA1B,protein
TUBA1C,protein
TUBA4A,protein
UBA1,protein
UBAP1,protein
USP14,protein
UTP14A,protein
ZMAT2,protein
UBFD1,protein
UBL7,protein
UBXN1,protein
ZFAND6,protein
UBE2D1,protein
USP15,protein
WRNIP1,protein
VAPA,protein
XCR1,protein
A1BG,protein
NGF,protein
TGFB2,protein
AAAS,protein
AAMP,protein
AANAT,protein
ABCA1,protein
ABCB11,protein
ABCB5,protein
ABCB6,protein
ABCC1,protein
ABCC4,protein
ABCE1,protein
ABCF1,protein
ABCF2,protein
NUDT1,protein
ABI2,protein
ABI3,protein
CSF1,cytokine
ABL2,protein
ABLIM1,protein
ABO,protein
ACAD10,protein
ACAD11,protein
ACAD9,protein
SOX9,protein
GULP1,protein
TFRC,protein
ACAT2,protein
ACE,protein
ACE2,protein
ACER2,protein
ACIN1,protein
ACKR3,protein
CCL21,cytokine
ACLY,protein
ACO2,protein
ACOT8,protein
ACTA1,protein
KHDRBS1,protein
SLC11A1,protein
ACTL7A,protein
ACTN2,protein
ACTN4,protein
C1orf94,protein
NEBL,protein
PLEKHG2,protein
RNF111,protein
SUMO1P1,protein
ACTR1B,protein
ACTR2,protein
ACVR1,protein
ACVR2A,protein
MIR3074,protein
TGFBR3,protein
ACY3,protein
CREBZF,protein
SULT2B1,protein
ADAM10,protein
ADAM15,protein
IL6R,receptor
PRNP,protein
ADAMTS13,protein
ADAMTS4,protein
ADAMTSL1,protein
PRKCE,protein
ADAP2,protein
ADAR,protein
ADARB1,protein
ADAT2,protein
ADCK3,protein
ADD2,protein
ADH1B,protein
ADH4,protein
ADIPOQ,protein
ADK,protein
ADNP,protein
TFCP2,protein
ADRA2B,protein
AGK,protein
AGPS,protein
AIFM1,protein
ALDH18A1,protein
ALDH1B1,protein
ALDH3A2,protein
AMFR,protein
ATP1A1,protein
ATP2A2,protein
ATP2B4,protein
ATP2C1,protein
ATP5C1,protein
ATP5F1,protein
ATP5H,protein
ATP5L,protein
CANX,protein
CNNM3,protein
COMT,protein
DAD1,protein
DDOST,protein
DDX39A,protein
DLAT,protein
DSG2,protein
EEF1B2,protein
EEF1D,protein
EEF1G,protein
ETFB,protein
GCDH,protein
GFM1,protein
GNAI3,protein
HADHB,protein
HNRNPF,protein
HNRNPH2,protein
HSD17B12,protein
HSDL2,protein
IARS2,protein
IDH2,protein
IDH3A,protein
IDH3B,protein
IDH3G,protein
ILVBL,protein
KCNJ3,protein
KCNJ5,protein
KRT1,protein
KRT10,protein
KRT2,protein
KRT5,protein
KRT9,protein
LMNB1,protein
LPCAT1,protein
LRPPRC,protein
MCCC2,protein
MRPL12,protein
MTHFD1L,protein
NDUFA4,protein
NDUFA5,protein
NDUFS2,protein
NDUFS3,protein
NDUFV1,protein
NSF,protein
NUP155,protein
NUP210,protein
NUP93,protein
OAT,protein
PC,protein
PDHA1,protein
PDHB,protein
PDIA6,protein
PHB2,protein
PON2,protein
RAB18,protein
RAN,protein
RANBP2,protein
RPLP1,protein
RPN1,protein
RPN2,protein
RPS5,protein
SDHA,protein
SEC61A1,protein
SERPINH1,protein
SHMT2,protein
SLC25A11,protein
SLC25A13,protein
SLC25A3,protein
SLC25A5,protein
SLC39A14,protein
SLIRP,protein
SPTLC1,protein
SRPRB,protein
SSR4,protein
STK38L,protein
STOML2,protein
SYNJ2BP,protein
TARDBP,protein
TM9SF3,protein
TMEM33,protein
TMX1,protein
UBXN8,protein
UFD1L,protein
VCP,protein
ADRM1,protein
AEBP2,protein
ARHGAP32,protein
BAHD1,protein
BIRC7,protein
C1orf109,protein
C1orf216,protein
C6orf165,protein
CCDC57,protein
CCNJL,protein
CIB3,protein
CPSF7,protein
CRX,protein
DIP2A,protein
EAF1,protein
EIF4E2,protein
FAM124A,protein
FAM124B,protein
FBF1,protein
FOXP2,protein
FRS3,protein
FSD2,protein
GFAP,protein
GOLGA2,protein
GORASP2,protein
HOMEZ,protein
KIFC3,protein
KRT13,protein
KRT40,protein
KRTAP10-3,protein
KRTAP10-7,protein
KRTAP10-8,protein
KRTAP10-9,protein
L3MBTL2,protein
LINC00526,protein
LMO4,protein
LSM2,protein
MAGOHB,protein
MBNL1,protein
MED4,protein
MLX,protein
MORF4L2,protein
MTUS2,protein
MYO15B,protein
NCDN,protein
NEK6,protein
NOTCH2NL,protein
NUDT22,protein
OLIG3,protein
OSGIN1,protein
PARVG,protein
PPP1R16A,protein
PRKAA2,protein
PRPF31,protein
PRR3,protein
QARS,protein
RFX6,protein
RHOXF2,protein
RIMBP3,protein
SCNM1,protein
SNRPC,protein
STK16,protein
TBX3,protein
TMCC2,protein
TRIM26,protein
TRIM41,protein
TSSK3,protein
U2AF2,protein
UBXN11,protein
VPS37B,protein
VPS37C,protein
ZBTB24,protein
ZGPAT,protein
ZNF576,protein
AFAP1L2,protein
AFF2,protein
AFF4,protein
UBE3A,protein
AFG3L2,protein
C1QB,protein
C1QC,protein
S100A12,protein
AGL,protein
APOBEC3G,protein
AGPAT2,protein
AGPAT3,protein
AGTR2,protein
AGTRAP,protein
AGXT,protein
AHCTF1,protein
ANKRD40,protein
APPBP2,protein
C1orf50,protein
AHCYL1,protein
AHI1,protein
AHNAK,protein
CXCL13,cytokine
AIFM3,protein
RCHY1,protein
AIM2,protein
C19orf57,protein
AIP,protein
AIRE,protein
AJAP1,protein
AK1,protein
AK4,protein
AKAP2,protein
AKAP8L,protein
CD40LG,protein
AKNAD1,protein
AKR1B1,protein
ATXN1,protein
FOXO4,protein
METTL1,protein
PDK1,protein
PEA15,protein
SETDB1,protein
SMARCC1,protein
SMARCC2,protein
STK4,protein
TBC1D4,protein
TP53RK,protein
WEE1,protein
YBX1,protein
MMP24-AS1,protein
PIM1,protein
CMC4,protein
MTCP1,protein
SIK2,protein
AKT3,protein
BCL7A,protein
C2orf42,protein
CCHCR1,protein
CERK,protein
DUSP19,protein
ENSG00000220949,protein
FAM127C,protein
GNL3L,protein
KLHL35,protein
LONRF1,protein
POLDIP2,protein
PPL,protein
SNX20,protein
TEKT4,protein
TMSB10,protein
TMSB4X,protein
TMSB4XP1,protein
TMSB4XP2,protein
TMSB4XP6,protein
TTC23,protein
USP20,protein
WIPF1,protein
ZFYVE26,protein
ZMAT1,protein
ZNF175,protein
BANP,protein
KRTAP10-5,protein
KRTAP4-2,protein
ALDH4A1,protein
ALDOC,protein
IFNA4,cytokine
ALDOB,protein
ALKBH3,protein
CEP57L1,protein
CEP63,protein
HHIPL2,protein
MAD1L1,protein
MEOX1,protein
SYCE1,protein
CEBPA,protein
ALPL,protein
KRTAP4-12,protein
KRTAP5-9,protein
IPO13,protein
FHL3,protein
AMER1,protein
AMMECR1L,protein
AMOT,protein
CCNDBP1,protein
ARL16,protein
CCDC67,protein
PPP3CC,protein
ANAPC1,protein
ANGPTL4,protein
ANK3,protein
ANKFY1,protein
ANKHD1,protein
ANKRD13A,protein
ANKRD36BP1,protein
ANKRD50,protein
ANKS6,protein
ANKZF1,protein
CEP55,protein
PDCD6,protein
ANXA3,protein
PADI4,protein
ANXA7,protein
ANXA9,protein
AP1M2,protein
AP1S2,protein
KPNA2,protein
MEA1,protein
NEU4,protein
RAPGEF3,protein
THAP1,protein
U2AF1,protein
XRCC6BP1,protein
AP5Z1,protein
APBA3,protein
APBB1,protein
APBB1IP,protein
MAPRE1,protein
APCS,protein
IST1,protein
MIR125B2,protein
MIR133B,protein
APEX2,protein
APH1A,protein
APLF,protein
CMTM5,protein
CATSPER1,protein
APOE,protein
APOOL,protein
APRT,protein
ARFGAP1,protein
ARFIP2,protein
ARHGEF40,protein
ARID3A,protein
ARL4C,protein
ARMC1,protein
ARNT2,protein
ARPC1B,protein
ASPSCR1,protein
ASXL1,protein
ASXL2,protein
ATP6V1G1,protein
ATXN7L3,protein
AURKA,protein
AVPI1,protein
BAIAP2,protein
BBX,protein
BCAR3,protein
BCAT2,protein
BCL7C,protein
BLOC1S1,protein
BLOC1S2,protein
BLOC1S5,protein
BOD1,protein
BRD3,protein
BRWD1,protein
C11orf63,protein
C17orf85,protein
C1orf87,protein
C7orf55-LUC7L2,protein
C9orf41,protein
CACNB1,protein
CAPNS2,protein
CARF,protein
CASZ1,protein
CCDC106,protein
CCDC115,protein
CCDC15,protein
CCDC59,protein
CCDC60,protein
CCNB1IP1,protein
CCNB3,protein
CCNL1,protein
CCSER2,protein
CD74,receptor
CDC20,protein
CDK16,protein
CDK17,protein
CDKL3,protein
CELF2,protein
CEP57,protein
CHGB,protein
CHKA,protein
CIRH1A,protein
CLEC3B,protein
CLIP4,protein
CMAS,protein
COASY,protein
COIL,protein
COPS7B,protein
COX6A2,protein
CPLX2,protein
CPLX3,protein
CRADD,protein
CRIP2,protein
CRYAB,protein
CSAG1,protein
CSNK1D,protein
CSNK1E,protein
CTF1,protein
CTNND1,protein
CWC15,protein
CWF19L2,protein
DCDC2,protein
DCTN6,protein
DCX,protein
DDHD2,protein
DDX1,protein
DDX18,protein
DDX19B,protein
DDX42,protein
DDX43,protein
DDX47,protein
DDX55,protein
DEDD,protein
DEF6,protein
DENND6B,protein
DFFB,protein
DIRAS1,protein
DMTN,protein
DNAH1,protein
DNAJB1,protein
DNAJC8,protein
DNM1,protein
DNM2,protein
DPY19L2P1,protein
DPY19L2P4,protein
DUS3L,protein
DYNLRB2,protein
E2F8,protein
ECHDC1,protein
ECHDC2,protein
ECI2,protein
EEPD1,protein
EIF1AX,protein
EIF2B5,protein
EIF2S2,protein
EIF5,protein
ELK3,protein
ENO3,protein
ENY2,protein
EPB41L2,protein
EPB41L4A,protein
EPB41L5,protein
ERMN,protein
ETV3,protein
FAM126B,protein
FAM32A,protein
FAM53A,protein
FAM64A,protein
FANCI,protein
FANCM,protein
FCHO1,protein
FEN1,protein
FGF12,protein
FGF16,protein
FIP1L1,protein
FMNL1,protein
FUBP3,protein
GADD45GIP1,protein
GAK,protein
GALK1,protein
GBA2,protein
GIMAP4,protein
GJB1,protein
GLRX5,protein
GNL2,protein
GOLGA4,protein
GORAB,protein
GOSR2,protein
GPANK1,protein
GPKOW,protein
GPT2,protein
GTPBP1,protein
GYG2,protein
GYS1,protein
HADH,protein
HBG1,protein
HBS1L,protein
HDDC3,protein
HERPUD1,protein
HEYL,protein
HINT2,protein
HIST1H2BA,protein
HK1,protein
HOMER2,protein
HP1BP3,protein
HS3ST1,protein
HSPB7,protein
HSPBP1,protein
IER3,protein
IFRD2,protein
IKBIP,protein
IMP4,protein
ING2,protein
IQCH,protein
ISL1,protein
ITGB3BP,protein
KCNAB1,protein
KCNAB3,protein
KCNN3,protein
KCTD18,protein
KIF2C,protein
KIF3B,protein
KLC2,protein
KLC4,protein
KLF12,protein
KRTCAP2,protein
LACRT,protein
LAP3,protein
LARP1B,protein
LARP4,protein
LARP6,protein
LARP7,protein
LATS1,protein
LIMA1,protein
LMCD1,protein
LMNTD1,protein
LRRC59,protein
LRRC8D,protein
LSM6,protein
LYRM7,protein
MAGEH1,protein
MAP2,protein
MAP9,protein
MAPK13,protein
MAPK7,protein
MED24,protein
MED8,protein
MESDC2,protein
MND1,protein
MOB1A,protein
MOB3A,protein
MOB3C,protein
MPG,protein
MPP3,protein
MRPL1,protein
MRPL10,protein
MRPL11,protein
MRPL19,protein
MRPL28,protein
MRPL34,protein
MRPL35,protein
MRPL49,protein
MRPS18A,protein
MRPS24,protein
MTG1,protein
MXI1,protein
MYBBP1A,protein
MYL5,protein
NAT6,protein
NBPF3,protein
NECAP1,protein
NEDD9,protein
NKIRAS1,protein
NME3,protein
NMT2,protein
NOB1,protein
NOL7,protein
NR1D1,protein
NSRP1,protein
NUSAP1,protein
OCEL1,protein
OLFML2A,protein
OR2W1,protein
OR8B3,protein
ORC6,protein
OSBPL11,protein
OTX2,protein
PACRG,protein
PAK4,protein
PAPSS2,protein
PCBD2,protein
PCK1,protein
PDE4D,protein
PDZD4,protein
PHF20L1,protein
PHF7,protein
PHYH,protein
PIP4K2C,protein
PLA2G4D,protein
PLEKHJ1,protein
PLEKHO2,protein
PNKD,protein
PNKP,protein
POGK,protein
POGZ,protein
POLD3,protein
POLE3,protein
POLR2K,protein
POP7,protein
PP2D1,protein
PPAN,protein
PPFIBP2,protein
PPID,protein
PRDX5,protein
PRR14,protein
PRR15,protein
PRR16,protein
PRRC1,protein
PRSS23,protein
PSMA1,protein
PSRC1,protein
PTP4A1,protein
PTPN12,protein
PTPN7,protein
PYCR2,protein
QKI,protein
RAB40B,protein
RAD51AP1,protein
RASGRP3,protein
RASL11B,protein
RASL12,protein
RBM42,protein
RGL1,protein
RGS10,protein
RGS3,protein
RGS5,protein
RIPPLY1,protein
RNF32,protein
RNF41,protein
RNMTL1,protein
RNPC3,protein
ROPN1L,protein
RP9,protein
RPF2,protein
RPL12,protein
RPL23,protein
RPL31,protein
RPL36,protein
RPL41,protein
RPS10,protein
RPS11,protein
RPS12,protein
RPS16,protein
RPS19,protein
RPUSD2,protein
RRP15,protein
RSRC2,protein
RUSC1,protein
SAMHD1,protein
SART1,protein
SCEL,protein
SCYL1,protein
SDC1,protein
SECISBP2,protein
SEPT5,protein
SEPT9,protein
SERBP1,protein
SERP1,protein
SERPIND1,protein
SETBP1,protein
SF3B6,protein
SH3GL2,protein
SH3GLB1,protein
SH3RF2,protein
SIRT5,protein
SIRT7,protein
SLAIN2,protein
SLC4A1AP,protein
SMAP1,protein
SMTNL2,protein
SMUG1,protein
SNRNP70,protein
SP2,protein
SPANXN3,protein
SPATA2,protein
SPZ1,protein
SRRT,protein
STAC,protein
STK25,protein
STK40,protein
STXBP1,protein
SURF2,protein
SYCP2L,protein
TACO1,protein
TAF1B,protein
TAF9B,protein
TARBP2,protein
TASP1,protein
TBC1D10C,protein
TBCC,protein
TBPL1,protein
TCEA1,protein
TCEAL2,protein
TCF19,protein
TCP10,protein
TCP10L,protein
TCP11,protein
TCP11L1,protein
TEN1-CDK3,protein
TFPT,protein
TIGD1,protein
TIPIN,protein
TK1,protein
TLE3,protein
TMA7,protein
TOM1L2,protein
TOX2,protein
TPD52L3,protein
TPH1,protein
TPRXL,protein
TRAF3IP1,protein
TRAPPC2L,protein
TRIM40,protein
TRIM52,protein
TRIM63,protein
TRMT2A,protein
TRPT1,protein
TRUB1,protein
TSPY2,protein
TSPYL1,protein
TSSC4,protein
TTLL7,protein
TTPA,protein
TWF1,protein
UBE2E2,protein
UBE2S,protein
UBXN10,protein
UBXN6,protein
UCHL1,protein
UCHL5,protein
UNG,protein
USE1,protein
VCY,protein
VPS33B,protein
WASH2P,protein
WDR5,protein
WIBG,protein
ZADH2,protein
ZC3H3,protein
ZFYVE1,protein
ZFYVE27,protein
ZHX2,protein
ZMAT4,protein
ZMYM3,protein
ZMYM5,protein
ZNF22,protein
ZNF365,protein
ZNF574,protein
ZNF622,protein
ZNF684,protein
ZNF706,protein
ZNF740,protein
ZSCAN1,protein
ZW10,protein
APPL2,protein
CCDC136,protein
CCDC36,protein
CEP44,protein
CRTAC1,protein
CSRNP1,protein
IKZF2,protein
KIAA1958,protein
KRT33B,protein
KRTAP9-2,protein
MID2,protein
NBPF22P,protein
RGS17,protein
RGS20,protein
TNK2,protein
FATE1,protein
AQR,protein
ESR2,protein
HHAT,protein
KLK2,protein
PARP1,protein
PKLR,protein
TMPRSS2,protein
ARCN1,protein
ARF1,protein
SDCBP2,protein
ARFGEF2,protein
ARG1,protein
MUC5AC,protein
ARGLU1,protein
ARHGAP12,protein
ARHGAP22,protein
ARHGAP26,protein
ARHGDIB,protein
CEP170P1,protein
KXD1,protein
ARHGEF11,protein
ARHGEF28,protein
ARHGEF3,protein
ARHGEF6,protein
ARID5B,protein
ARL1,protein
ARL2BP,protein
UNC119,protein
CCDC102B,protein
ARL6IP4,protein
ARMC5,protein
MTNR1B,protein
ARPC3,protein
ARPC4,protein
ARPP19,protein
ZBTB43,protein
ZNF496,protein
GNMT,protein
PTAFR,protein
SLC9A1,protein
CAMK1G,protein
ASAH1,protein
ASAP1,protein
ASB10,protein
ASB13,protein
ASB14,protein
ASB18,protein
ASB7,protein
ASCC3,protein
ASCL2,protein
ASH1L,protein
ASH2L,protein
ASPH,protein
GPX7,protein
HILPDA,protein
GTF2B,protein
GTF2E1,protein
TRIM69,protein
WDR27,protein
YTHDC2,protein
BFSP2,protein
GOLGA1,protein
GOLGA8EP,protein
NDC80,protein
XBP1,protein
PIK3R4,protein
FNBP1L,protein
ATG4A,protein
ATG4B,protein
CAPN2,protein
ATG9A,protein
ATIC,protein
ATL3,protein
RPA2,protein
ATOH8,protein
C21orf2,protein
FAM118A,protein
GGPS1,protein
ATP1A3,protein
ATP2B1,protein
ATP5D,protein
ATP5I,protein
ATP5O,protein
ATP6V0B,protein
EDA,protein
PSMA3,protein
SMIM3,protein
ATR,protein
ATRIP,protein
ATRX,protein
ATXN2,protein
ATXN2L,protein
LTBP4,protein
MEGF8,protein
NOC2L,protein
NUP62,protein
AURKC,protein
AVPR2,protein
PIK3R3,protein
RANBP9,protein
MIB1,protein
MTPAP,protein
TXLNGY,protein
HLA-E,protein
KLRC1,protein
MEX3A,protein
USF1,protein
GOLGA8DP,protein
GOLGA8F,protein
BACE1,protein
BACE2,protein
PSMD2,protein
BAG2,protein
BAG3,protein
BAI2,protein
BAI3,protein
BANF1,protein
HCFC1,protein
JMJD6,protein
BRCA2,protein
CEP70,protein
EXOC5,protein
FAM9B,protein
SPAG5,protein
IFI35,protein
MCL1,protein
YAP1,protein
BAZ1B,protein
PSME3,protein
MYOG,protein
BCAP31,protein
BCAS2,protein
RAD50,protein
MYB,protein
PPP2R4,protein
TAF1,protein
CCDC155,protein
BCL6B,protein
BLZF1,protein
CUTC,protein
LIMS3,protein
NFKBIE,protein
NRAS,protein
PEX7,protein
SMARCAL1,protein
TTF1,protein
WDR92,protein
ZBTB7B,protein
BCL9,protein
BCL9L,protein
BCLAF1,protein
MIR30A,protein
NLRP4,protein
VMP1,protein
BEND7,protein
DCTN2,protein
RAP1A,protein
BOLA1,protein
EAF2,protein
EXOSC5,protein
NMB,protein
PPM1K,protein
HIST3H3,protein
TCP1,protein
CCDC33,protein
EFS,protein
FAN1,protein
RPA1,protein
NUDT12,protein
BLNK,protein
BLOC1S5-TXNDC5,protein
HFE2,protein
SF3B4,protein
BNC2,protein
FRK,protein
UPK1B,protein
LDLRAD1,protein
HIST2H2BE,protein
HNRNPUL1,protein
FAM175B,protein
GFI1B,protein
MTF1,protein
BSG,protein
LILRP2,protein
BTBD1,protein
BTBD2,protein
GMPPA,protein
TXLNB,protein
BTG2,protein
TRGV9,protein
FBXO5,protein
BUB3,protein
CDC23,protein
CDCA7L,protein
DOCK8,protein
EPS8,protein
HMBOX1,protein
L3MBTL3,protein
LTV1,protein
LZTS2,protein
MID1,protein
MIPOL1,protein
MRFAP1L1,protein
NECAB2,protein
PDE4DIP,protein
PNMA2,protein
SMN2,protein
SSX2IP,protein
TEKT1,protein
TRIM54,protein
ZBTB8A,protein
BZRAP1,protein
BZW1,protein
C11orf84,protein
C14orf1,protein
C19orf12,protein
CCDC85B,protein
C1QTNF2,protein
C1R,protein
C4A,protein
C4B,protein
C1orf116,protein
C1orf21,protein
C22orf46,protein
C2orf74,protein
CFB,protein
CFH,protein
CR1,protein
CR2,protein
FH,protein
C4BPA,protein
C5,protein
C8orf33,protein
C9orf3,protein
LAMB1,protein
TUBB2B,protein
KCND2,protein
CADM3,protein
CALB1,protein
FMR1,protein
KIAA1407,protein
MAP1LC3C,protein
PRRC2A,protein
CALD1,protein
DAPK1,protein
CALM2,protein
CALM3,protein
CALML3,protein
CAMK2G,protein
CAMK2N1,protein
TNFRSF13B,receptor
KLK5,protein
KLK7,protein
P2RX7,protein
PGC,protein
CAMSAP1,protein
CUL2,protein
CUL4B,protein
FLG,protein
CARD16,protein
RPS6KA1,protein
SGK1,protein
CASC3,protein
CASK,protein
CD247,receptor
DFFA,protein
DDX3X,protein
CAST,protein
CAV2,protein
CBFB,protein
CBX1,protein
CBX2,protein
CBX4,protein
CBX5,protein
CBX6,protein
CBX7,protein
CBX8,protein
CCDC124,protein
ZNF165,protein
CCDC146,protein
CCDC168,protein
CCDC25,protein
CCDC28B,protein
CCDC47,protein
CCDC68,protein
CCDC84,protein
CRMP1,protein
PITPNM3,protein
CCR6,receptor
FPR2,protein
CCL4L1,protein
ITGB1BP1,protein
KRIT1,protein
CCNA1,protein
CCNC,protein
ERCC3,protein
ZBTB17,protein
CCND3,protein
L3MBTL1,protein
SMARCE1,protein
CDK12,protein
PARP12,protein
DEFB103B,protein
DEFB106A,protein
CCR9,receptor
CCS,protein
CCT2,protein
CCT3,protein
CCT4,protein
CCT6A,protein
CCT7,protein
CCT8,protein
CD47,receptor
CD55,receptor
FCGR1A,protein
FCGR3A,protein
CD164,receptor
CD1D,protein
CD1E,protein
CD2,receptor
PTPRC,protein
CD244,receptor
SIGLEC10,protein
PDCD1,protein
CD28,receptor
CD2AP,protein
CD37,receptor
CD3D,protein
CD3E,protein
HYAL2,protein
ROCK1,protein
CD48,receptor
CD5L,protein
FLI1,protein
CD7,receptor
CD80,receptor
CD84,receptor
CDC20B,protein
CDC25B,protein
CDC25C,protein
CDC27,protein
CDC40,protein
CDC42BPG,protein
CDC42EP3,protein
CDC6,protein
EIF4EBP3,protein
MYO6,protein
PTPRF,protein
PARD3,protein
CDIPT,protein
MYT1,protein
FUBP1,protein
GOT2,protein
MATR3,protein
MDH2,protein
MRPL43,protein
MSH2,protein
MT-CO2,protein
SAP18,protein
SFPQ,protein
SLC25A4,protein
SMARCA5,protein
SMC1A,protein
SMC3,protein
SMC4,protein
VDAC1,protein
CDK5RAP2,protein
CDKAL1,protein
EBF3,protein
SIPA1,protein
TP73,protein
DEAF1,protein
TDRD7,protein
CDKN2AIP,protein
CDKN2D,protein
CDYL,protein
CEACAM8,protein
ITGB3,protein
CEACAM5,protein
CSH2,protein
FMO3,protein
LCN2,protein
MIRLET7I,protein
CFD,protein
LPL,protein
SIPA1L1,protein
ZMYM2,protein
CENPJ,protein
CENPW,protein
CEP152,protein
CEP68,protein
CETN3,protein
CFAP43,protein
CFHR4,protein
CFP,protein
FLNA,protein
RAB4A,protein
SLC26A9,protein
SLC36A1,protein
VAMP8,protein
CHAF1A,protein
MBD3L2,protein
CHD4,protein
CHD5,protein
CHERP,protein
CHIT1,protein
CHMP5,protein
CHRM3,protein
CHRM4,protein
CHRNA1,protein
CHST11,protein
CHTF8,protein
CHTOP,protein
MIR15A,protein
CIAO1,protein
CIB1,protein
MYBPC2,protein
PSMD3,protein
RFX5,protein
TPP1,protein
ZNF672,protein
NKAP,protein
CISD1,protein
MIRLET7E,protein
CIT,protein
CITED4,protein
CIZ1,protein
CKAP5,protein
CKS1B,protein
CLDN1,protein
SP3,protein
CLEC4C,protein
CLEC4D,protein
DST,protein
TMOD3,protein
CLGN,protein
CLIC1,protein
EZR,protein
CLK1,protein
CLK4,protein
CLN3,protein
CLN6,protein
CLNS1A,protein
CLPS,protein
CLPTM1,protein
CLPTM1L,protein
CLSPN,protein
CLTA,protein
CLTCL1,protein
MAGEA11,protein
CMSS1,protein
CNBP,protein
CNN3,protein
CNOT2,protein
CNOT7,protein
CNPY2,protein
CNPY3,protein
COG5,protein
COG7,protein
COL11A1,protein
COL16A1,protein
COL17A1,protein
COL3A1,protein
COL4A2,protein
COLEC11,protein
COLGALT2,protein
CPEB4,protein
CRNKL1,protein
CSRP2,protein
DAZAP1,protein
DDX39B,protein
DKC1,protein
DPF2,protein
DROSHA,protein
EIF4A3,protein
ELAVL2,protein
ENSG00000103200,protein
ERH,protein
ESRP1,protein
FAM120A,protein
FAM208A,protein
FAM98A,protein
FAM98B,protein
FBL,protein
FXR2,protein
G3BP2,protein
GCN1L1,protein
GEMIN2,protein
H1FX,protein
HELZ,protein
HELZ2,protein
HIST1H2BD,protein
ILF2,protein
INTS6,protein
KHDRBS3,protein
KRR1,protein
MAGOH,protein
MEPCE,protein
MRTO4,protein
MSI2,protein
MYEF2,protein
NCBP1,protein
NCBP2,protein
NCL,protein
NCOA5,protein
NHP2,protein
NHP2L1,protein
NME1,protein
NOP58,protein
NUFIP2,protein
NUMA1,protein
P4HB,protein
PABPC4,protein
PABPN1,protein
PAIP1,protein
PCNP,protein
PGAM5,protein
PHC3,protein
PHF3,protein
PHF5A,protein
PKP1,protein
PLRG1,protein
POTEE,protein
PPIL1,protein
PRDX4,protein
PTBP3,protein
PTPLAD1,protein
PURA,protein
PURB,protein
PYCR1,protein
RBFOX2,protein
RBM14,protein
REPIN1,protein
RING1,protein
RSRC1,protein
RTCB,protein
SAFB2,protein
SART3,protein
SCAF11,protein
SCMH1,protein
SERPINB12,protein
SLTM,protein
SMU1,protein
SNW1,protein
SON,protein
SRP14,protein
SRP9,protein
STAU2,protein
STRBP,protein
SUGP1,protein
SUPT6H,protein
TDRD1,protein
THRAP3,protein
TNRC6B,protein
TRA2A,protein
UBAP2L,protein
UBL5,protein
WDR12,protein
WDR33,protein
XRN2,protein
YAF2,protein
YTHDC1,protein
YTHDF2,protein
YTHDF3,protein
ZCCHC8,protein
ZNF326,protein
ZNF385B,protein
ZNF638,protein
ZNF787,protein
COPA,protein
COPG1,protein
COPRS,protein
COPS7A,protein
COPS8,protein
HTR6,protein
MIF,protein
COPZ2,protein
CORO2A,protein
COX20,protein
COX5A,protein
COX7A2,protein
CP,protein
CPNE2,protein
CPSF1,protein
CPT1A,protein
CRBN,protein
EMX2,protein
ENSG00000249141,protein
EPHA10,protein
FAM19A5,protein
KIF26B,protein
PLA2G4B,protein
RAE1,protein
SNAP91,protein
SOD2,protein
TMEM30A,protein
TPR,protein
WTAP,protein
CREB3L1,protein
CREB5,protein
FUT7,protein
IFNA14,cytokine
IFNA7,cytokine
PSMD10,protein
CRHR1,protein
DOCK1,protein
PTPN4,protein
CRLF2,protein
CRTAM,protein
CRYGA,protein
CSE1L,protein
VENTX,protein
SYNCRIP,protein
CSMD2,protein
CSNK1A1,protein
CSRP1,protein
CST5,protein
CST9,protein
CSTF1,protein
HEMGN,protein
THAP11,protein
PROX1,protein
SOX13,protein
CTBS,protein
NOTCH3,protein
CTGF,protein
DHX9,protein
DKK1,protein
FUS,protein
IGFBP2,protein
ITGA10,protein
ITGA11,protein
ITGA2,protein
ITGB6,protein
ITGB8,protein
KANK1,protein
LRRC7,protein
NEK2,protein
PITX2,protein
POU3F2,protein
PRPF6,protein
PTPRU,protein
RABAC1,protein
TYR,protein
TYRP1,protein
VEGFA,protein
CTPS1,protein
CTPS2,protein
CUEDC1,protein
ENSG00000269547,protein
FBXL15,protein
FBXL18,protein
FBXO11,protein
FBXO18,protein
FBXO2,protein
FBXO21,protein
FBXO22,protein
FBXO3,protein
FBXO9,protein
GCM1,protein
KBTBD2,protein
KBTBD6,protein
KBTBD7,protein
KCTD10,protein
KLHDC10,protein
KLHDC2,protein
KLHDC3,protein
KLHL12,protein
KLHL13,protein
KLHL15,protein
KLHL22,protein
KLHL23,protein
KLHL24,protein
KLHL26,protein
KLHL36,protein
KLHL42,protein
KLHL8,protein
KLHL9,protein
LRRC14,protein
ZYG11B,protein
DCAF11,protein
DCAF12,protein
DCAF16,protein
DCAF4,protein
DCAF5,protein
DCAF6,protein
DCAF8,protein
DDA1,protein
DDB2,protein
DTL,protein
ERCC8,protein
VPRBP,protein
WDTC1,protein
LRRC41,protein
GLMN,protein
CXCL12,cytokine
CXCL14,cytokine
MMP8,protein
EHMT1,protein
RPS3,protein
NCSTN,protein
TMED2,protein
DNAH5,protein
NIPSNAP1,protein
PPP2R1A,protein
CXCR3,receptor
CXCR6,receptor
CXorf56,protein
CYP2E1,protein
CYSLTR1,protein
SNX27,protein
CYTH2,protein
DAAM1,protein
DAP3,protein
DAW1,protein
DBN1,protein
DCAF13,protein
DCAF7,protein
DCT,protein
DCTN4,protein
DDX10,protein
DDX21,protein
DDX23,protein
DDX27,protein
DDX31,protein
DDX50,protein
DDX56,protein
PPP1R3A,protein
RAI14,protein
RNF135,protein
RNF5,protein
SEC14L1,protein
TSPAN6,protein
MMP7,protein
DEFA3,protein
DEFB124,protein
HMGN2,protein
DEGS1,protein
DGCR8,protein
DGKA,protein
DGKZ,protein
DHCR7,protein
DHFR,protein
DHX15,protein
DHX30,protein
DHX36,protein
DICER1,protein
NKRF,protein
DHX8,protein
DIDO1,protein
DIRAS3,protein
DISC1,protein
LRRC1,protein
DLGAP1,protein
DLGAP3,protein
DLX4,protein
VPS72,protein
DMBT1,protein
DMC1,protein
DMRT3,protein
DMRTB1,protein
DNAJA1,protein
DNAJA2,protein
DNAJB2,protein
DNAJC6,protein
DNAJC9,protein
DNAL4,protein
DOCK2,protein
DOCK7,protein
DOK1,protein
KCNB1,protein
KCNC1,protein
KCND3,protein
DRAP1,protein
KCNJ9,protein
RWDD1,protein
DSC3,protein
MMP20,protein
DTNBP1,protein
DTX2,protein
DUSP10,protein
DUSP2,protein
KIFAP3,protein
DUSP6,protein
PRPF3,protein
DYDC2,protein
DYNC1LI1,protein
DYNLT1,protein
DYNLT3,protein
DZIP3,protein
H19,protein
SERPINF1,protein
SIN3B,protein
EBF1,protein
EBNA1BP2,protein
ECHS1,protein
ECM1,protein
EDA2R,protein
EDARADD,protein
EDC4,protein
EFTUD2,protein
ENO1,protein
GTF3C1,protein
GTF3C3,protein
GTF3C4,protein
H1F0,protein
HEATR1,protein
HIST1H1C,protein
HNRNPA3,protein
HNRNPH3,protein
HNRNPL,protein
HNRNPR,protein
HNRNPUL2,protein
IMP3,protein
INTS3,protein
KRT19,protein
LIG3,protein
M6PR,protein
MAGT1,protein
NAT10,protein
NIPBL,protein
NOP2,protein
NOP56,protein
NPM3,protein
NUP107,protein
NUP133,protein
NUP160,protein
NUP205,protein
NXF1,protein
OSTC,protein
PBRM1,protein
PDCD11,protein
PDS5B,protein
PKP3,protein
PNO1,protein
PPP1CB,protein
PRPF19,protein
PRPF40A,protein
PRPF8,protein
PWP2,protein
RAB7A,protein
RBM39,protein
RFC5,protein
RPL11,protein
RPL13A,protein
RPL14,protein
RPL18,protein
RPL22,protein
RPL24,protein
RPL7,protein
RPL7A,protein
RPL8,protein
RPS14,protein
RPS23,protein
RPS4X,protein
RSL1D1,protein
SCAF4,protein
SF3B1,protein
SF3B3,protein
SMARCA1,protein
SMCHD1,protein
SNRNP200,protein
SNRPD2,protein
SNRPD3,protein
SNRPF,protein
SRSF10,protein
SRSF3,protein
SRSF6,protein
TBL3,protein
TM7SF2,protein
TRA2B,protein
TRIP12,protein
UTP20,protein
VARS,protein
WDR3,protein
ZNF687,protein
EEF1A2,protein
EEF1GP1,protein
EEF2K,protein
EFNA5,protein
HOXC10,protein
S100A7,protein
SEC13,protein
UBE2V1,protein
EGR2,protein
EN1,protein
EPHB1,protein
ETF1,protein
ETNK2,protein
FKBP5,protein
FOXA3,protein
FOXF2,protein
FUT1,protein
GBP2,protein
GLUL,protein
GNG5,protein
GOLPH3L,protein
GPN3,protein
GPR63,protein
GSTA3,protein
GUK1,protein
HAS1,protein
HAX1,protein
HECTD3,protein
HHEX,protein
HLX,protein
HMMR,protein
IDS,protein
IGSF8,protein
IVNS1ABP,protein
KATNA1,protein
KCNK2,protein
KDM3A,protein
KIF5C,protein
KIR2DL3,protein
KITLG,protein
KMT2B,protein
KRT14,protein
KRT16,protein
LIG1,protein
LPAR3,protein
LPXN,protein
MAP7,protein
MEF2D,protein
MIIP,protein
MIR124-3,protein
MIR125A,protein
MIR130B,protein
MIR135B,protein
MIR141,protein
MIR146B,protein
MIR148A,protein
MIR149,protein
MIR152,protein
MIR183,protein
MIR185,protein
MIR191,protein
MIR199B,protein
MIR200B,protein
MIR219A2,protein
MIR23B,protein
MIR25,protein
MIR27A,protein
MIR301B,protein
MIR30E,protein
MIR32,protein
MIR326,protein
MIR335,protein
MIR425,protein
MIR455,protein
MIR596,protein
MIR642A,protein
MIR95,protein
MIR96,protein
MIR99B,protein
MLLT10,protein
MLLT11,protein
MTAP,protein
MUT,protein
MYADM,protein
MYLIP,protein
MYOC,protein
NAB1,protein
NASP,protein
NFIL3,protein
NOS1,protein
NOSIP,protein
NT5E,protein
OPN4,protein
PANX3,protein
PCYT1A,protein
PDSS1,protein
PER2,protein
PID1,protein
PIP4K2A,protein
PNRC1,protein
PPARD,protein
PPIH,protein
PRCP,protein
PSG1,protein
PSG4,protein
PSG9,protein
PTPN18,protein
PTPRCAP,protein
PTPRN2,protein
RAB40A,protein
RBMY1J,protein
RELT,protein
RHAG,protein
RIF1,protein
RNF168,protein
RTN2,protein
S100A7A,protein
SGCD,protein
SLAMF7,protein
SLC8A1,protein
SLN,protein
SLPI,protein
SOX18,protein
SPOCD1,protein
STXBP3,protein
TBC1D2,protein
TBX2,protein
TCERG1,protein
TIGD6,protein
TIMP2,protein
TLE4,protein
TRIM39,protein
TRIM45,protein
TTLL3,protein
UBE4B,protein
VAMP2,protein
ZDHHC9,protein
ZNF345,protein
ZNF644,protein
PRRC2B,protein
EIF6,protein
FARSA,protein
FARSB,protein
FTSJ3,protein
GLTSCR2,protein
HNRNPCL1,protein
IFRD1,protein
KCTD17,protein
NOC3L,protein
PPP1CC,protein
ZNF346,protein
EIF2AK3,protein
EIF2S1,protein
EIF2S3,protein
EIF3A,protein
EIF3C,protein
EIF3H,protein
EIF3I,protein
EIF3J,protein
EPB41,protein
EIF3L,protein
EIF3M,protein
EIF4A2,protein
EIF4EBP2,protein
EIF4G3,protein
MKNK1,protein
UBAC1,protein
EIF5A2,protein
FOXH1,protein
GAMT,protein
MT-CO3,protein
N4BP2L2,protein
PIGA,protein
UROD,protein
VPS29,protein
WDR6,protein
WRAP73,protein
HDAC6,protein
HLTF,protein
ID3,protein
MGEA5,protein
NEIL2,protein
PPP6C,protein
PSMD5,protein
RAB10,protein
RGS2,protein
SORT1,protein
TFAP2C,protein
THBD,protein
TSPAN31,protein
XPO4,protein
ZHX1,protein
ELAVL4,protein
FCER1G,protein
FOSB,protein
ELF3,protein
ELK4,protein
FN1,protein
ELOVL5,protein
ELP4,protein
IL17B,protein
NT5C2,protein
TFIP11,protein
PALD1,protein
STK11IP,protein
UGGT1,protein
ENSG00000180152,protein
ENSG00000186076,protein
TEX11,protein
ENSG00000237708,protein
ENSG00000262660,protein
ENTPD1,protein
KCNMB1,protein
MMP23B,protein
NPR2,protein
PDE4C,protein
PLAC8,protein
RAB4B-EGLN2,protein
EPB41L1,protein
EPC2,protein
EPHA3,protein
GALNT16,protein
PCDH20,protein
QRFPR,protein
EPN1,protein
EPRS,protein
EPX,protein
GRIN2C,protein
GUCY1A2,protein
KCNA4,protein
MCC,protein
MEF2A,protein
MPP1,protein
MPP2,protein
NR2E1,protein
PKP4,protein
SLC5A5,protein
SLC5A6,protein
VIPR2,protein
ETV1,protein
ERGIC1,protein
ERP29,protein
ESRRG,protein
ETV6,protein
EVI5L,protein
RALB,protein
EXOC8,protein
EXOSC2,protein
EXTL3,protein
FABP5,protein
HNRNPAB,protein
HOXA1,protein
HOXA5,protein
HYOU1,protein
IGLL5,protein
IMMT,protein
JARID2,protein
KAT7,protein
KIF5B,protein
LARP1,protein
LGALS7,protein
LRRC40,protein
MTF2,protein
MYLPF,protein
NUDT21,protein
PGR,protein
PHF1,protein
RAP1GAP,protein
SF3B2,protein
SNRPN,protein
SYNE1,protein
TPI1,protein
TUBB4B,protein
WWP2,protein
F10,protein
F11,protein
F13A1,protein
F2RL2,protein
F5,protein
PAAF1,protein
FAM103A1,protein
FAM110A,protein
FAM115A,protein
FAM120C,protein
FAM133A,protein
FAM184A,protein
FAM189B,protein
FAM193B,protein
FAM208B,protein
FAM43A,protein
FAM60A,protein
FAM65B,protein
FAM76B,protein
FAM83A,protein
FAM83G,protein
FAM90A1,protein
FANCC,protein
FARS2,protein
FNBP1,protein
PACSIN1,protein
PACSIN2,protein
PACSIN3,protein
SNX18,protein
SNX33,protein
SNX9,protein
FASN,protein
IRF2BP2,protein
FASTKD5,protein
FBRS,protein
FBXO30,protein
FBXO42,protein
FCGR2B,protein
FCGR2C,protein
FCN1,protein
FCN3,protein
FEZ1,protein
FEZ2,protein
FGB,protein
FGFR1,protein
FGR,protein
FHL1,protein
FKBP3,protein
FLG2,protein
NXNL1,protein
NXNL2,protein
FLNB,protein
FLNC,protein
LAT,protein
FLT4,protein
LRIG1,protein
UPK2,protein
FOXC2,protein
OIP5,protein
RPUSD1,protein
SLC37A3,protein
THRA,protein
TRMT6,protein
TWF2,protein
FOXK2,protein
FOXP3,protein
FRAT2,protein
FRMD8,protein
FURIN,protein
FXN,protein
FYTTD1,protein
FZD4,protein
TP53INP2,protein
GABPB2,protein
MAP3K4,protein
GAGE12F,protein
GALC,protein
GANAB,protein
RAB2A,protein
GAR1,protein
IL18RAP,protein
IL1RL1,receptor
IL1RL2,receptor
HAMP,protein
GATAD2B,protein
TRIM29,protein
GCLM,protein
GDA,protein
PIAS3,protein
SPRY1,protein
GHITM,protein
TSN,protein
GLDC,protein
GLS,protein
GLYR1,protein
GMCL1P1,protein
GNA13,protein
GNAI1,protein
GPSM2,protein
GNAQ,protein
GNAS,protein
GNG4,protein
GNGT1,protein
GOLT1B,protein
SELP,protein
GP1BB,protein
GP5,protein
GPATCH4,protein
GPI,protein
GPR18,protein
TACR1,protein
TACR2,protein
TACR3,protein
LY9,protein
SPRY3,protein
GRK4,protein
GRK5,protein
GSDMA,protein
ZFPM1,protein
GSN,protein
PJA1,protein
GSTP1,protein
GTPBP2,protein
HIST1H1E,protein
HSPB2,protein
SERPINC1,protein
LAMA5,protein
SERPINB9,protein
TUBB3,protein
NELL2,protein
TSPAN5,protein
H2AFY2,protein
H3F3B,protein
HABP2,protein
HACE1,protein
HAUS1,protein
HAUS6,protein
HBB,protein
HBE1,protein
HBG2,protein
HCFC2,protein
HCK,protein
KLRK1,protein
HDAC11,protein
MIF4GD,protein
HDX,protein
UBA52,protein
UBQLN2,protein
HES2,protein
HHLA3,protein
HIBADH,protein
MUC3A,protein
NAA10,protein
SERPINE1,protein
VTCN1,protein
HIRIP3,protein
HIST2H2AC,protein
HIST3H2BB,protein
HIST1H1D,protein
HIST1H2AD,protein
HIST2H2AB,protein
HIVEP1,protein
KIR2DS4,protein
HLA-DRB1,protein
HLA-G,protein
HM13,protein
HMGCR,protein
HMGN3,protein
NR5A2,protein
SGK2,protein
SNX14,protein
SLC2A9,protein
HNF4G,protein
HNRNPDL,protein
PBX2,protein
PBX3,protein
HOXB5,protein
HP,protein
HPCAL1,protein
RASIP1,protein
RASSF2,protein
RGL2,protein
RHOD,protein
HRNR,protein
NEAT1,protein
ITGB1BP2,protein
ITPR3,protein
HSPA1L,protein
HSPA6,protein
HTR2B,protein
HTR2C,protein
ICAM4,protein
ICOS,protein
ID4,protein
IDE,protein
MB21D1,protein
MED23,protein
NR2C2,protein
IFNW1,cytokine
IGHA1,protein
IGHA2,protein
IGHG1,protein
IGHG2,protein
IGHG4,protein
IGHM,protein
IGHV1-2,protein
IGHV3-23,protein
IGHV3-7,protein
IGJ,protein
IGKC,protein
IGKV2-30,protein
IGKV3-20,protein
IGKV4-1,protein
IGLC1,protein
IGLV1-51,protein
IGLV7-43,protein
IK,protein
PRDX1,protein
MIR199A1,protein
PRDX3,protein
PYGL,protein
TRIM6,protein
KIAA1598,protein
KIR3DX1,protein
MCM10,protein
MZT2A,protein
NAP1L5,protein
NECAB3,protein
NRARP,protein
NTMT1,protein
ODAM,protein
PDCL,protein
PFDN5,protein
PIM2,protein
PNMAL1,protein
PRKD3,protein
RBM34,protein
RET,protein
ROS1,protein
RPS6KB2,protein
SAG,protein
SCLT1,protein
SHARPIN,protein
SYT1,protein
TEC,protein
TMA16,protein
TTYH2,protein
VAMP3,protein
MIRLET7C,protein
IL12RB2,protein
IL13RA2,protein
IL15RA,protein
PPP1R12A,protein
PPP1R12B,protein
IL17RD,protein
IL19,cytokine
S100A13,protein
IL1RN,receptor
IL20,cytokine
IL20RA,protein
IL22RA1,protein
IL22RA2,protein
ITGA2B,protein
LGALSL,protein
MTPN,protein
MYL1,protein
MYL3,protein
NAPA,protein
PARK7,protein
PDLIM1,protein
PLEK,protein
PRDX2,protein
PRDX6,protein
PSMA5,protein
SH3BGRL,protein
TAGLN2,protein
TUBB1,protein
TUBB2A,protein
TUBB4A,protein
TUBBP1,protein
ZYX,protein
INA,protein
INADL,protein
INHBA,protein
INPP5K,protein
IQCB1,protein
SMG9,protein
IQSEC1,protein
IRAK1BP1,protein
MAGED1,protein
NGFR,protein
RHOT1,protein
SESTD1,protein
STT3A,protein
YTHDF1,protein
ZC3H12A,protein
ZC3H12C,protein
KAT2A,protein
PSMB8-AS1,protein
SEC63,protein
TAP1,protein
TAP2,protein
TAPBP,protein
IRF2BPL,protein
SGTA,protein
PEG10,protein
SCD,protein
STAG2,protein
TLK2,protein
LTN1,protein
P4HA1,protein
PITX1,protein
TRMT61B,protein
PDCD10,protein
LGMN,protein
LMAN2,protein
MYNN,protein
MYOF,protein
NACA,protein
NUP43,protein
OGDH,protein
PAFAH1B1,protein
PGD,protein
PLOD1,protein
PLS1,protein
PPP1R10,protein
PSMA7,protein
RDH11,protein
SF3A2,protein
TAF2,protein
TARS,protein
TXNRD1,protein
UBA7,protein
UBE2L6,protein
WARS,protein
WDR1,protein
ZC3H15,protein
ZNF281,protein
ISY1,protein
ITGA1,protein
TGFBI,protein
MIA3,protein
JAM3,protein
RABGAP1,protein
ITIH1,protein
ITIH2,protein
ITIH3,protein
ITLN1,protein
ITM2A,protein
VIL1,protein
JOSD1,protein
TAF4,protein
KAAG1,protein
MEAF6,protein
KCMF1,protein
KCNJ10,protein
KCNN2,protein
KDM2B,protein
PANX2,protein
PPIC,protein
RHOQ,protein
KHDRBS2,protein
KIAA0020,protein
KIAA1244,protein
RGR,protein
KIAA1462,protein
KIR3DL3,protein
KLHL18,protein
KLK14,protein
KLRC2,protein
KNG1,protein
KPTN,protein
RCOR3,protein
KRT6B,protein
KRT6C,protein
KYNU,protein
LAD1,protein
LAIR1,protein
LAMC1,protein
SMURF2,protein
LAS1L,protein
LCE3D,protein
LEMD3,protein
LETM1,protein
POU2AF1,protein
SMN1,protein
ORM1,protein
SNRPB,protein
LILRB4,protein
LINC00312,protein
RPA4,protein
SCN10A,protein
STX2,protein
LMNB2,protein
LNPEP,protein
NAGK,protein
LPAR2,protein
LPGAT1,protein
LPP,protein
LRCH1,protein
LRRC8A,protein
MIR21,protein
LSM8,protein
LSP1,protein
LTA,protein
MGST1,protein
LUC7L3,protein
MXRA5,protein
PHACTR3,protein
PIBF1,protein
RPS25,protein
SERPINB6,protein
TBC1D17,protein
ZNF793,protein
MAD2L1,protein
MAD2L1BP,protein
MAGEB1,protein
MAGED2,protein
MAML1,protein
ZFP42,protein
PRKCG,protein
MAP3K6,protein
TIPRL,protein
RPS6KA2,protein
SNCG,protein
MARCKSL1,protein
MARCO,protein
MAS1,protein
MFN1,protein
MFN2,protein
MUL1,protein
RAB1B,protein
UBE4A,protein
MBNL3,protein
MBOAT7,protein
MCCC1,protein
MCM2,protein
MCM3,protein
MCM5,protein
ORC3,protein
MCPH1,protein
RABL6,protein
MSH3,protein
SMC2,protein
MECP2,protein
TSC22D3,protein
MED21,protein
PSTPIP1,protein
MEPE,protein
MGA,protein
MICA,protein
MIR10B,protein
MIR433,protein
MIR105-1,protein
MIR154,protein
PSIP1,protein
TNPO3,protein
MIR200C,protein
MIR372,protein
MIR373,protein
MIRLET7A1,protein
MIRLET7B,protein
MLKL,protein
RIT1,protein
MMRN1,protein
MORN4,protein
MRPL4,protein
MRPL44,protein
MRPL45,protein
MRPL48,protein
MRPS11,protein
MRPS17,protein
MRPS26,protein
MRPS7,protein
MSH6,protein
MSRB2,protein
MST4,protein
MTCH1,protein
MTMR2,protein
RRAGC,protein
MTX1,protein
SF3A3,protein
MYL6B,protein
MYO1C,protein
WDR77,protein
NACAP1,protein
NAE1,protein
WASF1,protein
NCR3LG1,protein
NDUFA13,protein
NDUFS1,protein
UBA3,protein
PPP2R5D,protein
ZNF615,protein
NEK7,protein
NELFB,protein
NELFE,protein
USP22,protein
RSF1,protein
TAL1,protein
SAE1,protein
UBE2E3,protein
NFU1,protein
NFXL1,protein
TOP2B,protein
NGDN,protein
NGEF,protein
NGLY1,protein
NIFK,protein
PANX1,protein
SPNS1,protein
RNF6,protein
TSPAN13,protein
UGT2B7,protein
OTUB2,protein
NOC4L,protein
NOL11,protein
NOL6,protein
NOL9,protein
NOTCH4,protein
NOVA1,protein
PRKACB,protein
NPC1,protein
NPHS2,protein
NR5A1,protein
SUMO3,protein
SLC13A5,protein
RXRB,protein
NSA2,protein
NSMCE4A,protein
NT5DC2,protein
NTRK1,protein
NUDT16L1,protein
NUP214,protein
NUP98,protein
NXT2,protein
OBSL1,protein
OCIAD2,protein
ODF3L2,protein
OPA1,protein
OPN1LW,protein
ZNF384,protein
OR6B3,protein
ORM2,protein
OTUD4,protein
OTUD5,protein
PAFAH1B2,protein
PGM1,protein
PRKG1,protein
PALM3,protein
PARK2,protein
PCGF1,protein
PCGF3,protein
PCGF5,protein
PCGF6,protein
PCID2,protein
PCNT,protein
PDLIM5,protein
PDZK1,protein
PES1,protein
PEX26,protein
PEX5,protein
PFKL,protein
PGLYRP4,protein
USP46,protein
PRMT6,protein
RUFY1,protein
PIGN,protein
PIK3CB,protein
PILRA,protein
TERF1,protein
PON1,protein
PROS1,protein
SAA1,protein
SAA4,protein
SDPR,protein
SPP2,protein
TFPI,protein
TNFAIP6,protein
PLAA,protein
PLAGL1,protein
PPFIA4,protein
RAG1,protein
RGS7,protein
RIN3,protein
RPL13,protein
RYR1,protein
SEC24B,protein
SHANK2,protein
SHANK3,protein
SLC23A1,protein
SNX7,protein
SUV39H2,protein
TGOLN2,protein
TRAIP,protein
ZP2,protein
PLD1,protein
PLG,protein
PLXDC2,protein
PLXNC1,protein
PMF1,protein
PNRC2,protein
POLL,protein
POLR1A,protein
POLR1C,protein
POLR2E,protein
POLR2H,protein
POLR3A,protein
POLR3B,protein
POLR3C,protein
POLR3D,protein
POLR3F,protein
POLR3GL,protein
POLR3H,protein
TRMT1L,protein
SMARCD3,protein
PPIG,protein
SAR1A,protein
PPP1R15B,protein
PPP1R18,protein
PPP1R9B,protein
PPP2R2B,protein
PRAF2,protein
RNASEL,protein
RTN4IP1,protein
PRDM16,protein
PRDM7,protein
PRKAR2A,protein
PRKAR2B,protein
TEP1,protein
PRLHR,protein
PRPF38A,protein
PRPS1,protein
PRPSAP1,protein
PRPSAP2,protein
PSMC3,protein
PSMD12,protein
PSMD4,protein
PSMD7,protein
PTCD3,protein
PTCRA,protein
PTGDR2,protein
PTGER1,protein
SIGLEC9,protein
PWP1,protein
QPCTL,protein
RPL35A,protein
ZNF80,protein
SPRY4,protein
RBBP5,protein
RBM22,protein
RBM23,protein
RBM28,protein
RBM47,protein
RBM4B,protein
RBM5,protein
RBMS2,protein
RBMXL1,protein
RBMXL2,protein
RCC1,protein
RCL1,protein
RCN1,protein
RCN2,protein
REG1A,protein
SETD6,protein
SLC2A5,protein
TPMT,protein
RER1,protein
RFC4,protein
RTKN,protein
TNFAIP1,protein
RHOT2,protein
WIZ,protein
RIMS4,protein
TRAF7,protein
RNF114,protein
RNF222,protein
RPL10A,protein
RPL15,protein
RPL17-C18orf32,protein
RPL18A,protein
RPL19,protein
RPL21,protein
RPL23A,protein
RPL26,protein
RPL27,protein
RPL29,protein
RPL32,protein
RPL34,protein
RPL38,protein
RPL7L1,protein
RPS13,protein
RPS15,protein
RPS15A,protein
RPS17,protein
RPS19BP1,protein
RPS2,protein
RPS24,protein
RPS26,protein
RPS3A,protein
RPS4Y1,protein
RPS7,protein
RRP1,protein
RRP1B,protein
RRP8,protein
SCML2,protein
SEC16A,protein
SFXN1,protein
SFXN2,protein
SLC25A22,protein
SLC27A3,protein
SMARCD2,protein
SPECC1,protein
SPRR1A,protein
SPRR2A,protein
SUGP2,protein
TDRKH,protein
TECR,protein
TEX10,protein
THEM6,protein
THOC6,protein
TIAM2,protein
TMED10,protein
TRIM24,protein
TUBAL3,protein
UACA,protein
UBTF,protein
USMG5,protein
UTP6,protein
VDAC3,protein
VGF,protein
WDR43,protein
WDR46,protein
ZC3H4,protein
ZNF512,protein
RNF213,protein
RNLS,protein
RNPS1,protein
ROR1,protein
RORC,protein
RPS21,protein
RRAGD,protein
SAMD4A,protein
SAMM50,protein
UXT,protein
SCAMP3,protein
SCTR,protein
SDCCAG8,protein
SDF2L1,protein
SEC23B,protein
SSR2,protein
SEPT2,protein
SERPINB10,protein
SETD7,protein
SERTAD3,protein
SETD3,protein
SETMAR,protein
SF1,protein
SF3A1,protein
SFMBT1,protein
SGPL1,protein
SLAMF1,protein
SLAMF6,protein
SH2D2A,protein
TPX2,protein
SIK3,protein
SKOR2,protein
SLC1A7,protein
SLC25A12,protein
SLC39A7,protein
ZNF8,protein
SMAD5,protein
STAMBPL1,protein
ZFYVE9,protein
VAV2,protein
TTK,protein
SMG8,protein
UPF2,protein
SSX7,protein
SNAP23,protein
SNAP29,protein
SNRNP40,protein
SNRPA1,protein
SNX6,protein
TFDP3,protein
SORBS2,protein
SORBS3,protein
WNT4,protein
SOX3,protein
SPANXN4,protein
SPATS2,protein
SPG21,protein
SPHK1,protein
ZNF300,protein
SPRR2G,protein
SRPK3,protein
SRSF12,protein
SUDS3,protein
TFEB,protein
TRIM65,protein
UBD,protein
USP39,protein
VANGL1,protein
WDR55,protein
YPEL2,protein
ZMYND11,protein
ZNF321P,protein
ZNF444,protein
ZNF514,protein
ZRANB2,protein
ZRSR2,protein
VIMP,protein
SRSF5,protein
SSH2,protein
ST3GAL1,protein
STK11,protein
SULT2A1,protein
VEGFC,protein
UGCG,protein
STK19,protein
STT3B,protein
STXBP2,protein
SURF4,protein
TBL2,protein
TFAM,protein
U2AF1L4,protein
UTP15,protein
XAB2,protein
ZC3H13,protein
TADA3,protein
TBC1D22B,protein
TCEAL1,protein
TCEAL4,protein
TDP2,protein
UBR1,protein
UBR2,protein
TMCO1,protein
TMEM259,protein
YIPF5,protein
TMEM189-UBE2V1,protein
TMPO,protein
TNFRSF12A,receptor
TNFSF4,protein
TOM1L1,protein
TUG1,protein
TRDC,protein
TREM2,protein
TRIM42,protein
TSHZ3,protein
UBE2C,protein
UTP23,protein
WDR25,protein
ZC2HC1C,protein
ZNF581,protein
TRIM5,protein
TRIM62,protein
TRIP11,protein
TUBA3E,protein
TUT1,protein
ZFAND3,protein
YIPF3,protein
UPF3B,protein
XCL1,protein
ZNF516,protein
Macrophage,cell
Dendritic_cell,cell
T_cell,cell
B_cell,cell